Year,Movie,URL
1931,Bharati Balak,https://en.wikipedia.org/wiki/Bharati_Balak
1931,Chandrasena,https://en.wikipedia.org/wiki/Chandrasena_(1931_film)
1931,Farebi Daku,https://en.wikipedia.org/wiki/Farebi_Daku
1931,Farebi Shahzada,https://en.wikipedia.org/wiki/Farebi_Shahzada
1931,Khooni Katar,https://en.wikipedia.org/wiki/Khooni_Katar
1931,Shirin Farhad,https://en.wikipedia.org/wiki/Shirin_Farhad_(1931_film)
1931,Trapped,https://en.wikipedia.org/wiki/Trapped_(1931_film)
1932,Bhakta Prahlad,https://en.wikipedia.org/wiki/Bhakta_Prahlada_(1932_film)
1932,Heer Ranjha,https://en.wikipedia.org/wiki/Heer_Ranjha_(1932_film)
1932,Jalti Nishani,https://en.wikipedia.org/wiki/Jalti_Nishani
1932,Maya Machhindra,https://en.wikipedia.org/wiki/Maya_Machhindra
1932,Mohabbat Ke Ansu,https://en.wikipedia.org/wiki/Mohabbat_Ke_Ansu
1932,Subah Ka Sitara,https://en.wikipedia.org/wiki/Subah_Ka_Sitara
1932,Zinda Lash,https://en.wikipedia.org/wiki/Zinda_Lash
1933,Chandrahasa,https://en.wikipedia.org/wiki/Chandrahasa_(1933_film)
1933,Dulari Bibi,https://en.wikipedia.org/wiki/Dulari_Bibi
1933,Karma,https://en.wikipedia.org/wiki/Karma_(1933_film)
1933,Lal-E-Yaman,https://en.wikipedia.org/wiki/Lal-e-Yaman_(1933)
1933,Radha Krishna,https://en.wikipedia.org/wiki/Radha_Krishna_(1933_film)
1933,Rajrani Meera,https://en.wikipedia.org/wiki/Rajrani_Meera
1934,Daku Mansoor,https://en.wikipedia.org/wiki/Daku_Mansoor
1934,Gunsundari,https://en.wikipedia.org/wiki/Gunsundari_(1934_film)
1935,Al Hilal,https://en.wikipedia.org/wiki/Al_Hilal_(film)
1935,Bharat Ki Beti,https://en.wikipedia.org/wiki/Bharat_Ki_Beti
1935,Bhikharan,https://en.wikipedia.org/wiki/Bhikharan
1935,Bombay Mail,https://en.wikipedia.org/wiki/Bombay_Mail_(1935_film)
1935,Devdas,https://en.wikipedia.org/wiki/Devdas_(1936_film)
1935,Dhoop Chhaon,https://en.wikipedia.org/wiki/Dhoop_Chhaon_(1935_film)
1935,Dr. Madhurika,https://en.wikipedia.org/wiki/Dr._Madhurika
1935,Hind Kesari,https://en.wikipedia.org/wiki/Hindi_Kesari_(film)
1935,Hunterwali,https://en.wikipedia.org/wiki/Hunterwali
1936,Achhut Kanya,https://en.wikipedia.org/wiki/Achhut_Kanya
1936,Baghi Sipahi,https://en.wikipedia.org/wiki/Baghi_Sipahi_(1936_film)
1937,Atma Tarang,https://en.wikipedia.org/wiki/Atma_Tarang
1937,Dhanwan,https://en.wikipedia.org/wiki/Dhanwan_(1937_film)
1937,Duniya Na Mane,https://en.wikipedia.org/wiki/Duniya_Na_Mane
1937,Gangavataran,https://en.wikipedia.org/wiki/Gangavataran
1937,Khan Bahadur,https://en.wikipedia.org/wiki/Khan_Bahadur_(film)
1937,Kulvadhu,https://en.wikipedia.org/wiki/Kulvadhu_(film)
1937,Mandir,https://en.wikipedia.org/wiki/Mandir_(film)
1937,Milap,https://en.wikipedia.org/wiki/Milap_(1937_film)
1937,Mukti,https://en.wikipedia.org/wiki/Mukti_(1937_film)
1938,Brahmachari,https://en.wikipedia.org/wiki/Brahmachari_(1938_film)
1938,Dulhan,https://en.wikipedia.org/wiki/Dulhan_(1938_film)
1938,Nirmala,https://en.wikipedia.org/wiki/Nirmala_(1938_film)
1939,Adhuri Kahani,https://en.wikipedia.org/wiki/Adhuri_Kahani
1939,Zia Sarhadi,https://en.wikipedia.org/wiki/Zia_Sarhadi
1939,Dushman,https://en.wikipedia.org/wiki/Dushman_(1939_film)
1939,Ladies Only,https://en.wikipedia.org/wiki/Ladies_Only_(1939_film)
1939,Leatherface,https://en.wikipedia.org/wiki/Leatherface_(1939_film)
1939,Pukar,https://en.wikipedia.org/wiki/Pukar_(1939_film)
1940,Abla Ki Shakti,https://en.wikipedia.org/wiki/Abla_Ki_Shakti
1940,Aaj Ka Hindustan,https://en.wikipedia.org/wiki/Aaj_Ka_Hindustan
1940,Aaj Ki Duniya,https://en.wikipedia.org/wiki/Aaj_Ki_Duniya
1940,Anarbala,https://en.wikipedia.org/wiki/Anarbala
1940,Anjaam,https://en.wikipedia.org/wiki/Anjaam_(1940_film)
1940,Anuradha,https://en.wikipedia.org/wiki/Anuradha_(1940_film)
1940,Apni Nagariya,https://en.wikipedia.org/wiki/Apni_Nagariya
1940,Aurat,https://en.wikipedia.org/wiki/Aurat_(1940_film)
1940,Azadi-e-Watan,https://en.wikipedia.org/wiki/Azadi-e-Watan
1940,Azad,https://en.wikipedia.org/wiki/Azad_(1940_film)
1940,Bahurani,https://en.wikipedia.org/wiki/Bahurani_(1940_film)
1940,Bandhan,https://en.wikipedia.org/wiki/Bandhan_(1940_film)
1940,Bholi Lutaran,https://en.wikipedia.org/wiki/Bholi_Lutaran
1940,Captain Kishori,https://en.wikipedia.org/wiki/Captain_Kishore
1940,Deepak Mahal,https://en.wikipedia.org/wiki/Deepak_Mahal
1940,Desh Bhakta,https://en.wikipedia.org/wiki/Desh_Bhakta
1940,Dharma Bandhan,https://en.wikipedia.org/wiki/Dharma_Bandhan
1940,Diamond Queen,https://en.wikipedia.org/wiki/Diamond_Queen_(1940_film)
1940,Dorangia Daku,https://en.wikipedia.org/wiki/Dorangia_Daku
1940,Ek Hi Bhool,https://en.wikipedia.org/wiki/Ek_Hi_Bhool_(1940_film)
1940,Geeta,https://en.wikipedia.org/wiki/Geeta_(1940_film)
1940,Ghar Ki Rani,https://en.wikipedia.org/wiki/Ghar_Ki_Rani
1940,Haar Jeet,https://en.wikipedia.org/wiki/Haar_Jeet_(1940_film)
1940,Hind Ka Lal,https://en.wikipedia.org/wiki/Hind_Ka_Lal
1940,Hindustan Hamara,https://en.wikipedia.org/wiki/Hindustan_Hamara_(1940_film)
1940,Jadu Nagri,https://en.wikipedia.org/wiki/Jadu_Nagri
1940,Jagat Mohini,https://en.wikipedia.org/wiki/Jagat_Mohini
1940,Jai Swadesh,https://en.wikipedia.org/wiki/Jai_Swadesh
1940,Jhuthi Sharm,https://en.wikipedia.org/wiki/Jhuthi_Sharm
1940,Kalyani,https://en.wikipedia.org/wiki/Kalyani_(1940_film)
1940,Kumkum the Dancer,https://en.wikipedia.org/wiki/Kumkum_the_Dancer
1940,Main Hari,https://en.wikipedia.org/wiki/Main_Hari
1940,Narsi Bhagat,https://en.wikipedia.org/wiki/Narsi_Bhagat
1940,Nirali Duniya,https://en.wikipedia.org/wiki/Nirali_Duniya
1940,Pagal,https://en.wikipedia.org/wiki/Pagal_(film)
1940,Pak Daman,https://en.wikipedia.org/wiki/Pak_Daman
1940,Prem Nagar,https://en.wikipedia.org/wiki/Prem_Nagar_(1940_film)
1940,Qaidi,https://en.wikipedia.org/wiki/Qaidi_(1940_film)
1940,Rangila Jawan,https://en.wikipedia.org/wiki/Rangila_Jawan
1940,Rani Sahiba,https://en.wikipedia.org/wiki/Rani_Sahiba
1940,Reshmi Sari,https://en.wikipedia.org/wiki/Reshmi_Sari
1941,Amrit,https://en.wikipedia.org/wiki/Amrit_(1941_film)
1941,Akela,https://en.wikipedia.org/wiki/Akela_(film)
1941,Bulbule Baghdad,https://en.wikipedia.org/wiki/Bulbule_Baghdad
1941,Charnon Ki Dasi,https://en.wikipedia.org/wiki/Charnon_Ki_Dasi
1941,Chitralekha,https://en.wikipedia.org/wiki/Chitralekha_(1941_film)
1941,Circus Ki Sundari,https://en.wikipedia.org/wiki/Circus_Ki_Sundari
1941,Dhandora,https://en.wikipedia.org/wiki/Dhandora
1941,Hamara Desh,https://en.wikipedia.org/wiki/Hamara_Desh
1941,Himmat,https://en.wikipedia.org/wiki/Himmat_(1941_film)
1941,Jadui Bandhan,https://en.wikipedia.org/wiki/Jadui_Bandhan
1941,Jawani Ka Rang,https://en.wikipedia.org/wiki/Jawani_Ka_Rang
1941,Jhoola,https://en.wikipedia.org/wiki/Jhoola_(1941_film)
1941,Kasauti,https://en.wikipedia.org/wiki/Kasauti_(1941_film)
1941,Laheri Jeewan,https://en.wikipedia.org/wiki/Laheri_Jeewan
1941,Madhusudhan,https://en.wikipedia.org/wiki/Madhusudan_(film)
1941,Mala,https://en.wikipedia.org/wiki/Mala_(1941_film)
1941,Manthan,https://en.wikipedia.org/wiki/Manthan_(1941_film)
1941,Masoom,https://en.wikipedia.org/wiki/Masoom_(1941_film)
1941,Mere Raja,https://en.wikipedia.org/wiki/Mere_Raja
1941,Mere Sajan,https://en.wikipedia.org/wiki/Mere_Sajan
1941,Meri Khwahish,https://en.wikipedia.org/wiki/Meri_Khwahish
1941,Nai Roshni,https://en.wikipedia.org/wiki/Nai_Roshni_(1941_film)
1941,Naya Sansar,https://en.wikipedia.org/wiki/Naya_Sansar_(1941_film)
1941,Pyaas,https://en.wikipedia.org/wiki/Pyaas_(1941_film)
1941,Raj Nartaki,https://en.wikipedia.org/wiki/Raj_Nartaki
1941,Red Signal,https://en.wikipedia.org/wiki/Red_Signal
1942,Apna Paraya,https://en.wikipedia.org/wiki/Apna_Paraya
1942,Apna Ghar,https://en.wikipedia.org/wiki/Apna_Ghar
1942,Arzoo,https://en.wikipedia.org/wiki/Arzoo_(1942_film)
1942,Bahana,https://en.wikipedia.org/wiki/Bahana_(1942_film)
1942,Barat,https://en.wikipedia.org/wiki/Barat_(film)
1942,Bhakta Kabir,https://en.wikipedia.org/wiki/Bhakta_Kabir
1942,Bharat Milap,https://en.wikipedia.org/wiki/Bharat_Milap
1942,Blackout,https://en.wikipedia.org/wiki/Blackout_(1942_film)
1942,Chauranghee,https://en.wikipedia.org/wiki/Chauranghee
1942,Chudiyan,https://en.wikipedia.org/wiki/Chudiyan
1942,Das Baje,https://en.wikipedia.org/wiki/Das_Baje
1942,Dillagi,https://en.wikipedia.org/wiki/Dillagi_(1942_film)
1942,Dukh Sukh,https://en.wikipedia.org/wiki/Dukh_Sukh
1942,Duniya Ek Tamasha,https://en.wikipedia.org/wiki/Duniya_Ek_Tamasha
1942,Duniya Tumhari Hai,https://en.wikipedia.org/wiki/Duniya_Tumhari_Hai
1942,Ek Raat,https://en.wikipedia.org/wiki/Ek_Raat
1942,Garib,https://en.wikipedia.org/wiki/Garib_(film)
1942,Haso Haso Ai Duniyawallaon,https://en.wikipedia.org/wiki/Haso_Haso_Ai_Duniyawallaon
1942,Huma Gun Anmogaldi,https://en.wikipedia.org/wiki/Huma_Gun_Anmogaldi
1942,Jawan Ki Pukar,https://en.wikipedia.org/wiki/Jawan_Ki_Pukar
1942,Jawani,https://en.wikipedia.org/wiki/Jawani_(film)
1942,The Jungle Princess,https://en.wikipedia.org/wiki/The_Jungle_Princess_(1942_film)
1942,Khandaan,https://en.wikipedia.org/wiki/Khandaan_(1942_film)
1942,Kiski Biwi,https://en.wikipedia.org/wiki/Kiski_Biwi
1942,Kunwara Baap,https://en.wikipedia.org/wiki/Kunwara_Baap_(1942_film)
1942,Lalaji,https://en.wikipedia.org/wiki/Lalaji
1942,Mahakavi Kalidas,https://en.wikipedia.org/wiki/Mahakavi_Kalidas_(1942_film)
1942,Malan,https://en.wikipedia.org/wiki/Malan_(film)
1942,Mamta,https://en.wikipedia.org/wiki/Mamta_(1942_film)
1942,Mata,https://en.wikipedia.org/wiki/Mata_(1942_film)
1942,Motorwali,https://en.wikipedia.org/wiki/Motorwali
1942,My Village,https://en.wikipedia.org/wiki/My_Village
1942,Nai Duniya,https://en.wikipedia.org/wiki/Nai_Duniya
1942,Nari,https://en.wikipedia.org/wiki/Nari_(1942_film)
1942,Nazrana,https://en.wikipedia.org/wiki/Nazrana_(1942_film)
1942,Raja Rani,https://en.wikipedia.org/wiki/Raja_Rani_(1942_film)
1942,Return of Toofan Mail,https://en.wikipedia.org/wiki/Return_of_Toofan_Mail
1942,Roti,https://en.wikipedia.org/wiki/Roti_(1942_film)
1942,Sachcha Sapna,https://en.wikipedia.org/wiki/Sachcha_Sapna
1942,Savera,https://en.wikipedia.org/wiki/Savera_(1942_film)
1942,Sewa,https://en.wikipedia.org/wiki/Sewa_(film)
1942,Sharda,https://en.wikipedia.org/wiki/Sharda_(1942_film)
1942,Sheikh Chilli,https://en.wikipedia.org/wiki/Sheikh_Chilli_(film)
1942,Sukhi Jeevan,https://en.wikipedia.org/wiki/Sukhi_Jeevan
1942,Swaminath,https://en.wikipedia.org/wiki/Swaminath
1942,Swapna,https://en.wikipedia.org/wiki/Swapna_(1942_film)
1943,Aabroo,https://en.wikipedia.org/wiki/Aabroo_(1943_film)
1943,Aadab Arz,https://en.wikipedia.org/wiki/Aadab_Arz
1943,Aage Kadam,https://en.wikipedia.org/wiki/Aage_Kadam
1943,Aankh Ki Sharm,https://en.wikipedia.org/wiki/Aankh_Ki_Sharm
1943,Angoothi,https://en.wikipedia.org/wiki/Angoothi
1943,Ashirwad,https://en.wikipedia.org/wiki/Ashirwad
1943,Badalti Duniya,https://en.wikipedia.org/wiki/Badalti_Duniya
1943,Badla,https://en.wikipedia.org/wiki/Badla_(1943_film)
1943,Bhagta Bhoot,https://en.wikipedia.org/wiki/Bhagta_Bhoot
1943,Bhaichara,https://en.wikipedia.org/wiki/Bhaichara
1943,Bhakta Raidas,https://en.wikipedia.org/wiki/Bhakta_Raidas
1943,Bhalai,https://en.wikipedia.org/wiki/Bhalai
1943,Chhed Chhad,https://en.wikipedia.org/wiki/Chhed_Chhad
1943,Chhoti Maa,https://en.wikipedia.org/wiki/Chhoti_Maa
1943,Duhai,https://en.wikipedia.org/wiki/Duhai
1943,Duniya Diwani,https://en.wikipedia.org/wiki/Duniya_Diwani
1943,Gauri,https://en.wikipedia.org/wiki/Gauri_(1943_film)
1943,Hamari Baat,https://en.wikipedia.org/wiki/Hamari_Baat
1943,Hunterwali Ki Beti,https://en.wikipedia.org/wiki/Hunterwali_Ki_Beti
1943,Inkaar,https://en.wikipedia.org/wiki/Inkaar_(1943_film)
1943,Kashinath,https://en.wikipedia.org/wiki/Kashinath_(1943_film)
1943,Khazanchi Ki Beti,https://en.wikipedia.org/wiki/Khazanchi_Ki_Beti
1943,Khooni Laash,https://en.wikipedia.org/wiki/Khooni_Laash
1943,Kismet,https://en.wikipedia.org/wiki/Kismet_(1943_film)
1943,Ladaai Ke Baad,https://en.wikipedia.org/wiki/Ladaai_Ke_Baad
1943,Mahasati Ansuya,https://en.wikipedia.org/wiki/Mahasati_Ansuya
1943,Mahatma Vidur,https://en.wikipedia.org/wiki/Mahatma_Vidur
1943,Mauj,https://en.wikipedia.org/wiki/Mauj
1943,Mera Khwab,https://en.wikipedia.org/wiki/Mera_Khwab
1943,Mohabbat Ki Jeet,https://en.wikipedia.org/wiki/Mohabbat_Ki_Jeet
1943,Mr. Jhatpat,https://en.wikipedia.org/wiki/Mr._Jhatpat
1943,Muskurahat,https://en.wikipedia.org/wiki/Muskurahat_(1943_film)
1943,Nadaan,https://en.wikipedia.org/wiki/Nadaan_(1943_film)
1943,Nagad Narayan,https://en.wikipedia.org/wiki/Nagad_Narayan
1943,Nai Kahani,https://en.wikipedia.org/wiki/Nai_Kahani
1943,Nai Zindagi,https://en.wikipedia.org/wiki/Nai_Zindagi
1943,Najma,https://en.wikipedia.org/wiki/Najma_(1943_film)
1943,Naukar,https://en.wikipedia.org/wiki/Naukar_(1943_film)
1943,Naya Tarana,https://en.wikipedia.org/wiki/Naya_Tarana
1943,Pagli,https://en.wikipedia.org/wiki/Pagli_(1943_film)
1943,Panghat,https://en.wikipedia.org/wiki/Panghat
1943,Poonji,https://en.wikipedia.org/wiki/Poonji
1943,Pratiggya,https://en.wikipedia.org/wiki/Pratiggya
1943,Prem Sangeet,https://en.wikipedia.org/wiki/Prem_Sangeet
1943,Pyara Watan,https://en.wikipedia.org/wiki/Pyara_Watan
1943,Rahgeer,https://en.wikipedia.org/wiki/Rahgeer
1943,Ram Rajya,https://en.wikipedia.org/wiki/Ram_Rajya_(1943_film)
1943,Rani,https://en.wikipedia.org/wiki/Rani_(1943_film)
1943,Rekha,https://en.wikipedia.org/wiki/Rekha_(1943_film)
1943,Sahara,https://en.wikipedia.org/wiki/Sahara_(1943_Hindi_film)
1943,Sanjog,https://en.wikipedia.org/wiki/Sanjog_(1943_film)
1943,Shahenshah Akbar,https://en.wikipedia.org/wiki/Shahenshah_Akbar
1943,Shankar Parvati,https://en.wikipedia.org/wiki/Shankar_Parvati
1943,Shri Ramanuja,https://en.wikipedia.org/wiki/Shri_Ramanuja
1943,Vakil Saheb,https://en.wikipedia.org/wiki/Vakil_Saheb
1943,Vijay Lakshmi,https://en.wikipedia.org/wiki/Vijay_Lakshmi
1943,Wapas,https://en.wikipedia.org/wiki/Wapas
1943,Zameen,https://en.wikipedia.org/wiki/Zameen_(1943_film)
1944,Badi Baat,https://en.wikipedia.org/wiki/Badi_Baat
1944,Aaina,https://en.wikipedia.org/wiki/Aaina_(1944_film)
1944,Bandukwali,https://en.wikipedia.org/wiki/Bandukwali
1944,Beda Paar,https://en.wikipedia.org/wiki/Beda_Paar
1944,Bhagya Laxmi,https://en.wikipedia.org/wiki/Bhagya_Laxmi
1944,Chal Chal Re Naujawan,https://en.wikipedia.org/wiki/Chal_Chal_Re_Naujawan
1944,Char Aankhen,https://en.wikipedia.org/wiki/Char_Aankhen
1944,Dr. Kumar,https://en.wikipedia.org/wiki/Dr._Kumar
1944,Gaali,https://en.wikipedia.org/wiki/Gaali
1944,Insaan,https://en.wikipedia.org/wiki/Insaan_(1944_film)
1944,Jeevan,https://en.wikipedia.org/wiki/Jeevan_(1944_film)
1944,Krishna Bhakta Bodana,https://en.wikipedia.org/wiki/Krishna_Bhakta_Bodana
1944,Laheri Badmash,https://en.wikipedia.org/wiki/Laheri_Badmash
1944,Laheri Cameraman,https://en.wikipedia.org/wiki/Laheri_Cameraman
1944,Maa Baap,https://en.wikipedia.org/wiki/Maa_Baap
1944,Maharathi Karna,https://en.wikipedia.org/wiki/Maharathi_Karna_(film)
1944,Man Ki Jeet,https://en.wikipedia.org/wiki/Man_Ki_Jeet
1944,Mauji Jeevan,https://en.wikipedia.org/wiki/Mauji_Jeevan
1944,Maya Nagari,https://en.wikipedia.org/wiki/Maya_Nagari
1944,Mumtaz Mahal,https://en.wikipedia.org/wiki/Mumtaz_Mahal_(film)
1944,Pagli Duniya,https://en.wikipedia.org/wiki/Pagli_Duniya
1944,Panchhi,https://en.wikipedia.org/wiki/Panchhi
1944,Panna,https://en.wikipedia.org/wiki/Panna_(film)
1944,Parakh,https://en.wikipedia.org/wiki/Parakh_(1944_film)
1944,Paristan,https://en.wikipedia.org/wiki/Paristan_(film)
1944,Pattharon Ka Saudagar,https://en.wikipedia.org/wiki/Pattharon_Ka_Saudagar
1944,Pehle Aap,https://en.wikipedia.org/wiki/Pehle_Aap
1944,Ramshastri,https://en.wikipedia.org/wiki/Ramshastri_(film)
1944,Rangile Dost,https://en.wikipedia.org/wiki/Rangile_Dost
1944,Rattan,https://en.wikipedia.org/wiki/Rattan_(film)
1944,Raunaq,https://en.wikipedia.org/wiki/Raunaq
1944,Sandhi,https://en.wikipedia.org/wiki/Sandhi_(1944_film)
1944,Shahenshah Babar,https://en.wikipedia.org/wiki/Shahenshah_Babar
1944,Shararat,https://en.wikipedia.org/wiki/Shararat_(1944_film)
1944,Stunt King,https://en.wikipedia.org/wiki/Stunt_King
1944,Subah Shyam,https://en.wikipedia.org/wiki/Subah_Shyam
1944,Swarna Bhoomi,https://en.wikipedia.org/wiki/Swarna_Bhoomi
1944,Taqrar,https://en.wikipedia.org/wiki/Taqrar
1944,Uss Paar,https://en.wikipedia.org/wiki/Uss_Paar_(film)
1945,Bachpan,https://en.wikipedia.org/wiki/Bachpan_(1945_film)
1945,Chand Chakori,https://en.wikipedia.org/wiki/Chand_Chakori
1945,Humayun,https://en.wikipedia.org/wiki/Humayun_(film)
1945,Phool,https://en.wikipedia.org/wiki/Phool_(1945_film)
1945,Pratima,https://en.wikipedia.org/wiki/Pratima_(1945_film)
1945,Ramayani,https://en.wikipedia.org/wiki/Ramayani
1945,Tadbir,https://en.wikipedia.org/wiki/Tadbir
1945,Veer Kunal,https://en.wikipedia.org/wiki/Veer_Kunal
1946,Aap Ki Sewa Mein,https://en.wikipedia.org/wiki/Aap_Ki_Sewa_Mein
1946,Aai Bahar,https://en.wikipedia.org/wiki/Aai_Bahar
1946,Amar Raj,https://en.wikipedia.org/wiki/Amar_Raj
1946,Anmol Ghadi,https://en.wikipedia.org/wiki/Anmol_Ghadi
1946,Attention,https://en.wikipedia.org/wiki/Attention_(film)
1946,Bachchon Ka Khel,https://en.wikipedia.org/wiki/Bachchon_Ka_Khel
1946,Badnami,https://en.wikipedia.org/wiki/Badnami
1946,Baghdad Ka Chor,https://en.wikipedia.org/wiki/Baghdad_Ka_Chor
1946,Behram Khan,https://en.wikipedia.org/wiki/Behram_Khan
1946,Bhakta Prahlad,https://en.wikipedia.org/wiki/Bhakta_Prahlad_(1946_film)
1946,Bhedi Khazana,https://en.wikipedia.org/wiki/Bhedi_Khazana
1946,Chalis Karod,https://en.wikipedia.org/wiki/Chalis_Karod
1946,Chamakti Bijli,https://en.wikipedia.org/wiki/Chamakti_Bijli
1946,Chehra,https://en.wikipedia.org/wiki/Chehra_(1946_film)
1946,Dhadkan,https://en.wikipedia.org/wiki/Dhadkan_(1946_film)
1946,Dhanwan,https://en.wikipedia.org/wiki/Dhanwan_(1946_film)
1946,Dharti Ke Lal,https://en.wikipedia.org/wiki/Dharti_Ke_Lal
1946,Dil,https://en.wikipedia.org/wiki/Dil_(1946_film)
1946,Door Chalen,https://en.wikipedia.org/wiki/Door_Chalen
1946,Dr. Kotnis Ki Amar Kahani,https://en.wikipedia.org/wiki/Dr._Kotnis_Ki_Amar_Kahani
1946,Duniya Ek Sarai,https://en.wikipedia.org/wiki/Duniya_Ek_Sarai
1946,Ever Ready,https://en.wikipedia.org/wiki/Ever_Ready_(film)
1946,Flying Prince,https://en.wikipedia.org/wiki/Flying_Prince
1946,Gwalan,https://en.wikipedia.org/wiki/Gwalan
1946,Haqdar,https://en.wikipedia.org/wiki/Haqdar
1946,Hawai Khautala,https://en.wikipedia.org/wiki/Hawai_Khautala
1946,Humjoli,https://en.wikipedia.org/wiki/Humjoli_(1946_film)
1946,Jadugar,https://en.wikipedia.org/wiki/Jadugar
1946,Jadui Putli,https://en.wikipedia.org/wiki/Jadui_Putli
1946,Jag Biti,https://en.wikipedia.org/wiki/Jag_Biti
1946,Jamna Par,https://en.wikipedia.org/wiki/Jamna_Par
1946,Jeevan Swapna,https://en.wikipedia.org/wiki/Jeevan_Swapna
1946,Jeevan Yatra,https://en.wikipedia.org/wiki/Jeevan_Yatra
1946,Jhumke,https://en.wikipedia.org/wiki/Jhumke
1946,Jina Sikho,https://en.wikipedia.org/wiki/Jina_Sikho
1946,Jungle Ki Pukar,https://en.wikipedia.org/wiki/Jungle_Ki_Pukar
1946,Keemat,https://en.wikipedia.org/wiki/Keemat_(1946_film)
1946,Khamosh Nigahen,https://en.wikipedia.org/wiki/Khamosh_Nigahen_(1946_film)
1946,Khooni,https://en.wikipedia.org/wiki/Khooni_(1946_film)
1946,Khush Naseeb,https://en.wikipedia.org/wiki/Khush_Naseeb
1946,Kismat Ka Dhani,https://en.wikipedia.org/wiki/Kismat_Ka_Dhani
1946,Krishna Leela,https://en.wikipedia.org/wiki/Krishna_Leela_(1946_film)
1946,Laat Saheb,https://en.wikipedia.org/wiki/Laat_Saheb
1946,Maa Baap Ki Laaj,https://en.wikipedia.org/wiki/Maa_Baap_Ki_Laaj
1946,Magadraj,https://en.wikipedia.org/wiki/Magadraj
1946,Maharani Minaldevi,https://en.wikipedia.org/wiki/Maharani_Minaldevi
1946,Mera Geet,https://en.wikipedia.org/wiki/Mera_Geet
1946,Nai Maa,https://en.wikipedia.org/wiki/Nai_Maa
1946,Nargis,https://en.wikipedia.org/wiki/Nargis_(film)
1946,Neecha Nagar,https://en.wikipedia.org/wiki/Neecha_Nagar
1946,Nek Pervin,https://en.wikipedia.org/wiki/Nek_Pervin
1946,Omar Khaiyyam,https://en.wikipedia.org/wiki/Omar_Khaiyyam
1947,Aaj Aur Kal,https://en.wikipedia.org/wiki/Aaj_Aur_Kal_(1947_film)
1947,Aage Badho,https://en.wikipedia.org/wiki/Aage_Badho
1947,Chittor Vijay,https://en.wikipedia.org/wiki/Chittor_Vijay
1947,Dil Ki Rani,https://en.wikipedia.org/wiki/Dil_Ki_Rani
1947,Do Bhai,https://en.wikipedia.org/wiki/Do_Bhai_(1947_film)
1947,Duniya Ek Sarai,https://en.wikipedia.org/wiki/Duniya_Ek_Sarai
1947,Elaan,https://en.wikipedia.org/wiki/Elaan_(1947_film)
1947,Giribala,https://en.wikipedia.org/wiki/Giribala
1947,Gudia,https://en.wikipedia.org/wiki/Gudia_(1947_film)
1948,11 O'Clock,https://en.wikipedia.org/wiki/11_O%27Clock
1948,Anjangarh,https://en.wikipedia.org/wiki/Anjangarh
1948,Bichchade Balam,https://en.wikipedia.org/wiki/Bichchade_Balam
1948,Hum Bhi Insaan Hain,https://en.wikipedia.org/wiki/Hum_Bhi_Insaan_Hain_(1948_film)
1948,Vidya,https://en.wikipedia.org/wiki/Vidya_(film)
1951,Aaram,https://en.wikipedia.org/wiki/Aaram_(film)
1951,Andolan,https://en.wikipedia.org/wiki/Andolan_(1951_film)
1951,Baazi,https://en.wikipedia.org/wiki/Baazi_(1951_film)
1951,Nagina,https://en.wikipedia.org/wiki/Nagina_(1951_film)
1955,Garam Coat,https://en.wikipedia.org/wiki/Garam_Coat
1955,Pyaara Dushman,https://en.wikipedia.org/wiki/Pyaara_Dushman_(1955_film)
1955,Railway Platform,https://en.wikipedia.org/wiki/Railway_Platform_(film)
1955,Rajkanya,https://en.wikipedia.org/wiki/Rajkanya_(1955_film)
1960,Kanoon,https://en.wikipedia.org/wiki/Kanoon
1960,Kohinoor,https://en.wikipedia.org/wiki/Kohinoor_(1960_film)
1960,Love in Simla,https://en.wikipedia.org/wiki/Love_in_Simla
1960,Masoom,https://en.wikipedia.org/wiki/Masoom_(1960_film)
1960,Mehlon Ke Khwab,https://en.wikipedia.org/wiki/Mehlon_Ke_Khwab
1960,Return of Mr. Superman,https://en.wikipedia.org/wiki/Return_of_Mr._Superman
1961,Roop Ki Rani Choron Ka Raja,https://en.wikipedia.org/wiki/Roop_Ki_Rani_Choron_Ka_Raja
1962,Baaje Ghungroo,https://en.wikipedia.org/wiki/Baaje_Ghungroo
1962,Banarsi Thug,https://en.wikipedia.org/wiki/Banarsi_Thug
1962,Bees Saal Baad,https://en.wikipedia.org/wiki/Bees_Saal_Baad_(1962_film)
1963,The Householder,https://en.wikipedia.org/wiki/The_Householder
1964,Ganga Ki Lahren,https://en.wikipedia.org/wiki/Ganga_Ki_Lahren
1964,Ishaara,https://en.wikipedia.org/wiki/Ishaara_(1964_film)
1964,Majboor,https://en.wikipedia.org/wiki/Majboor_(1964_film)
1964,Sanjh Aur Savera,https://en.wikipedia.org/wiki/Sanjh_Aur_Savera
1964,Sant Gyaneshwar,https://en.wikipedia.org/wiki/Sant_Gyaneshwar
1964,Yaadein,https://en.wikipedia.org/wiki/Yaadein_(1964_film)
1965,Shakespeare Wallah,https://en.wikipedia.org/wiki/Shakespeare_Wallah
1966,Biwi Aur Makan,https://en.wikipedia.org/wiki/Biwi_Aur_Makan
1966,Daku Mangal Singh,https://en.wikipedia.org/wiki/Daku_Mangal_Singh
1966,Gogola,https://en.wikipedia.org/wiki/Gogola_(film)
1966,Nai Umar Ki Nai Fasal,https://en.wikipedia.org/wiki/Nai_Umar_Ki_Nai_Fasal
1966,Pinjre Ke Panchhi,https://en.wikipedia.org/wiki/Pinjre_Ke_Panchhi
1966,Sau Saal Baad,https://en.wikipedia.org/wiki/Sau_Saal_Baad
1970,Dastak,https://en.wikipedia.org/wiki/Dastak_(1970_film)
1970,Man Ki Aankhen,https://en.wikipedia.org/wiki/Man_Ki_Aankhen
1970,Raaton Ka Raja,https://en.wikipedia.org/wiki/Raaton_Ka_Raja
1970,Saas Bhi Kabhi Bahu Thi,https://en.wikipedia.org/wiki/Saas_Bhi_Kabhi_Bahu_Thi
1970,Saat Phere,https://en.wikipedia.org/wiki/Saat_Phere_(film)
1970,Sampoorna Teerth Yatra,https://en.wikipedia.org/wiki/Sampoorna_Teerth_Yatra
1970,Soldier Thakur Daler Singh,https://en.wikipedia.org/wiki/Soldier_Thakur_Daler_Singh
1970,The Evil Within,https://en.wikipedia.org/wiki/The_Evil_Within_(1970_film)
1971,Albela,https://en.wikipedia.org/wiki/Albela_(1971_film)
1971,Aap Aye Bahaar Ayee,https://en.wikipedia.org/wiki/Aap_Aye_Bahaar_Ayee
1971,Ashadh Ka Ek Din,https://en.wikipedia.org/wiki/Ashadh_Ka_Ek_Din_(1971_film)
1971,Badnam Farishte,https://en.wikipedia.org/wiki/Badnam_Farishte
1971,Beharoopia,https://en.wikipedia.org/wiki/Beharoopia
1971,Door Ka Raahi,https://en.wikipedia.org/wiki/Door_Ka_Raahi
1971,Dost Aur Dushman,https://en.wikipedia.org/wiki/Dost_Aur_Dushman
1971,Ek Paheli,https://en.wikipedia.org/wiki/Ek_Paheli
1971,Elaan,https://en.wikipedia.org/wiki/Elaan_(1971_film)
1971,Hungama,https://en.wikipedia.org/wiki/Hungama_(1971_film)
1971,Jai Jawan Jai Makan,https://en.wikipedia.org/wiki/Jai_Jawan_Jai_Makan
1971,Jai Bangladesh,https://en.wikipedia.org/wiki/Jai_Bangladesh
1971,Johar Mehmood in Hong Kong,https://en.wikipedia.org/wiki/Johar_Mehmood_in_Hong_Kong
1971,Kabhi Dhoop Kabhi Chhaon,https://en.wikipedia.org/wiki/Kabhi_Dhoop_Kabhi_Chhaon
1971,Kangan,https://en.wikipedia.org/wiki/Kangan_(film)
1971,Kati Patang,https://en.wikipedia.org/wiki/Kati_Patang
1971,Khoj,https://en.wikipedia.org/wiki/Khoj_(1971_film)
1971,Ladki Pasand Hai,https://en.wikipedia.org/wiki/Ladki_Pasand_Hai
1971,Memsaab,https://en.wikipedia.org/wiki/Memsaab_(film)
1971,Naya Zamana,https://en.wikipedia.org/wiki/Naya_Zamana
1971,Paras,https://en.wikipedia.org/wiki/Paras_(1971_film)
1971,Parde Ke Peechey,https://en.wikipedia.org/wiki/Parde_Ke_Peechey
1971,Phir Bhi,https://en.wikipedia.org/wiki/Phir_Bhi
1971,Raga,https://en.wikipedia.org/wiki/Raga_(film)
1971,Ramu Ustad,https://en.wikipedia.org/wiki/Ramu_Ustad
1971,Saaz Aur Sanam,https://en.wikipedia.org/wiki/Saaz_Aur_Sanam
1971,Seema,https://en.wikipedia.org/wiki/Seema_(1971_film)
1971,Tulsi Vivah,https://en.wikipedia.org/wiki/Tulsi_Vivah_(film)
1971,Uphaar,https://en.wikipedia.org/wiki/Uphaar
1971,Woh Din Yaad Karo,https://en.wikipedia.org/wiki/Woh_Din_Yaad_Karo
1972,Anokha Daan,https://en.wikipedia.org/wiki/Anokha_Daan
1972,Bees Saal Pehle,https://en.wikipedia.org/wiki/Bees_Saal_Pehle
1972,Bindiya Aur Bandook,https://en.wikipedia.org/wiki/Bindiya_Aur_Bandook
1972,Bombay to Goa,https://en.wikipedia.org/wiki/Bombay_to_Goa_(1972_film)
1972,Dharkan,https://en.wikipedia.org/wiki/Dharkan
1972,Ek Adhuri Kahani,https://en.wikipedia.org/wiki/Ek_Adhuri_Kahani
1972,Ek Nazar,https://en.wikipedia.org/wiki/Ek_Nazar
1972,Gomti Ke Kinare,https://en.wikipedia.org/wiki/Gomti_Ke_Kinare
1972,Janwar Aur Insaan,https://en.wikipedia.org/wiki/Janwar_Aur_Insaan
1972,Man Jaiye,https://en.wikipedia.org/wiki/Man_Jaiye
1972,Maya Darpan,https://en.wikipedia.org/wiki/Maya_Darpan
1972,Mehmil,https://en.wikipedia.org/wiki/Mehmil
1972,Mere Bhaiya,https://en.wikipedia.org/wiki/Mere_Bhaiya
1972,Mome Ki Gudiya,https://en.wikipedia.org/wiki/Mome_Ki_Gudiya
1972,Pakeezah,https://en.wikipedia.org/wiki/Pakeezah
1972,Piya Ka Ghar,https://en.wikipedia.org/wiki/Piya_Ka_Ghar
1972,Sa-Re-Ga-Ma-Pa,https://en.wikipedia.org/wiki/Sa-Re-Ga-Ma-Pa
1972,Sabse Bada Sukh,https://en.wikipedia.org/wiki/Sabse_Bada_Sukh
1972,Samaanta,https://en.wikipedia.org/wiki/Samaanta
1972,Shayar-e-Kashmir Mahjoor,https://en.wikipedia.org/wiki/Shayar-e-Kashmir_Mahjoor
1972,Sub Ka Saathi,https://en.wikipedia.org/wiki/Sub_Ka_Saathi
1972,Tangewala,https://en.wikipedia.org/wiki/Tangewala
1972,Trisandhya,https://en.wikipedia.org/wiki/Trisandhya
1972,Zaroorat,https://en.wikipedia.org/wiki/Zaroorat
1973,Aa Gale Lag Jaa,https://en.wikipedia.org/wiki/Aa_Gale_Lag_Jaa_(1973_film)
1973,Chhalia,https://en.wikipedia.org/wiki/Chhalia_(1973_film)
1973,Dil Ki Rahen,https://en.wikipedia.org/wiki/Dil_Ki_Rahen
1973,Door Nahin Manzil,https://en.wikipedia.org/wiki/Door_Nahin_Manzil
1973,Duvidha,https://en.wikipedia.org/wiki/Duvidha
1973,Ek Kunwari Ek Kunwara,https://en.wikipedia.org/wiki/Ek_Kunwari_Ek_Kunwara
1973,Garm Hava,https://en.wikipedia.org/wiki/Garm_Hava
1973,Haathi Ke Daant,https://en.wikipedia.org/wiki/Haathi_Ke_Daant
1973,Heera,https://en.wikipedia.org/wiki/Heera_(film)
1973,Hindustan Ki Kasam,https://en.wikipedia.org/wiki/Hindustan_Ki_Kasam_(1973_film)
1973,Hum Sub Chor Hain,https://en.wikipedia.org/wiki/Hum_Sub_Chor_Hain_(1973_film)
1973,Insaaf,https://en.wikipedia.org/wiki/Insaaf_(1973_film)
1973,Jyot Jale,https://en.wikipedia.org/wiki/Jyot_Jale
1973,Kahani Hum Sab Ki,https://en.wikipedia.org/wiki/Kahani_Hum_Sab_Ki
1973,Khoon Khoon,https://en.wikipedia.org/wiki/Khoon_Khoon
1973,Kunwara Badan,https://en.wikipedia.org/wiki/Kunwara_Badan
1973,Maha Sati Savitri,https://en.wikipedia.org/wiki/Maha_Sati_Savitri
1973,Mehmaan,https://en.wikipedia.org/wiki/Mehmaan_(film)
1973,Mera Desh Mera Dharam,https://en.wikipedia.org/wiki/Mera_Desh_Mera_Dharam
1973,Nafrat,https://en.wikipedia.org/wiki/Nafrat
1973,Nai Duniya Naye Log,https://en.wikipedia.org/wiki/Nai_Duniya_Naye_Log
1973,Naina,https://en.wikipedia.org/wiki/Naina_(1973_film)
1973,Paanch Dushman,https://en.wikipedia.org/wiki/Paanch_Dushman
1973,Samjhauta,https://en.wikipedia.org/wiki/Samjhauta_(film)
1973,Saudagar,https://en.wikipedia.org/wiki/Saudagar_(1973_film)
1973,Yauwan,https://en.wikipedia.org/wiki/Yauwan
1973,Heera,https://en.wikipedia.org/wiki/Heera_(1973_film)
1974,27 Down,https://en.wikipedia.org/wiki/27_Down
1974,Aashiana,https://en.wikipedia.org/wiki/Aashiana
1974,5 Rifles,https://en.wikipedia.org/wiki/5_Rifles
1974,Atma Ram,https://en.wikipedia.org/wiki/Atma_Ram_(director)
1974,Ankur,https://en.wikipedia.org/wiki/Ankur_(film)
1974,Apradhi,https://en.wikipedia.org/wiki/Apradhi_(1974_film)
1974,Azad Mohabbat,https://en.wikipedia.org/wiki/Azad_Mohabbat
1974,Balak Dhruv,https://en.wikipedia.org/wiki/Balak_Dhruv
1974,Call Girl,https://en.wikipedia.org/wiki/Call_Girl_(1974_film)
1974,Chor Chor,https://en.wikipedia.org/wiki/Chor_Chor
1974,Chattan Singh,https://en.wikipedia.org/wiki/Chattan_Singh
1974,Dawat,https://en.wikipedia.org/wiki/Dawat
1974,Dhuen Ki Lakeer,https://en.wikipedia.org/wiki/Dhuen_Ki_Lakeer
1974,Do Sher,https://en.wikipedia.org/wiki/Do_Sher
1974,Ek Anek Aur Ekta,https://en.wikipedia.org/wiki/Ek_Anek_Aur_Ekta
1974,Farebi,https://en.wikipedia.org/wiki/Farebi
1974,Hanuman Vijay,https://en.wikipedia.org/wiki/Hanuman_Vijay
1974,Jadu Ka Shankh,https://en.wikipedia.org/wiki/Jadu_Ka_Shankh
1974,Jai Radhe Krishna,https://en.wikipedia.org/wiki/Jai_Radhe_Krishna
1974,Jeevan Sangram,https://en.wikipedia.org/wiki/Jeevan_Sangram
1974,Khoon Ki Keemat,https://en.wikipedia.org/wiki/Khoon_Ki_Keemat
1974,Kora Badan,https://en.wikipedia.org/wiki/Kora_Badan
1974,Maa Bahen Aur Biwi,https://en.wikipedia.org/wiki/Maa_Bahen_Aur_Biwi
1974,Manoranjan,https://en.wikipedia.org/wiki/Manoranjan
1974,Manzilein Aur Bhi Hain,https://en.wikipedia.org/wiki/Manzilein_Aur_Bhi_Hain
1974,Paap Aur Punya,https://en.wikipedia.org/wiki/Paap_Aur_Punya
1974,Parinay,https://en.wikipedia.org/wiki/Parinay
1974,Resham Ki Dori,https://en.wikipedia.org/wiki/Resham_Ki_Dori
1975,Andhera,https://en.wikipedia.org/wiki/Andhera
1975,Apne Dushman,https://en.wikipedia.org/wiki/Apne_Dushman
1975,Apne Rang Hazaar,https://en.wikipedia.org/wiki/Apne_Rang_Hazaar
1975,Balak Aur Janwar,https://en.wikipedia.org/wiki/Balak_Aur_Janwar
1975,Charandas Chor,https://en.wikipedia.org/wiki/Charandas_Chor
1975,Dafaa 302,https://en.wikipedia.org/wiki/Dafaa_302
1975,Do Jasoos,https://en.wikipedia.org/wiki/Do_Jasoos
1975,Do Thug,https://en.wikipedia.org/wiki/Do_Thug
1975,Ganga Ki Kasam,https://en.wikipedia.org/wiki/Ganga_Ki_Kasam
1975,Himalay Se Ooncha,https://en.wikipedia.org/wiki/Himalay_Se_Ooncha
1975,Jaan Hazir Hai,https://en.wikipedia.org/wiki/Jaan_Hazir_Hai
1975,Jaggu,https://en.wikipedia.org/wiki/Jaggu
1975,Kaagaz Ki Nao,https://en.wikipedia.org/wiki/Kaagaz_Ki_Nao
1975,Mere Sajna,https://en.wikipedia.org/wiki/Mere_Sajna
1975,Mere Sartaj,https://en.wikipedia.org/wiki/Mere_Sartaj
1975,Natak,https://en.wikipedia.org/wiki/Natak_(film)
1975,Nishant,https://en.wikipedia.org/wiki/Nishant_(film)
1975,Prem Parbat,https://en.wikipedia.org/wiki/Prem_Parbat
1975,Qaid,https://en.wikipedia.org/wiki/Qaid_(film)
1975,Ranga Khush,https://en.wikipedia.org/wiki/Ranga_Khush
1975,Saazish,https://en.wikipedia.org/wiki/Saazish_(1975_film)
1975,Sankalp,https://en.wikipedia.org/wiki/Sankalp
1975,Zinda Dil,https://en.wikipedia.org/wiki/Zinda_Dil
1976,Aarambh,https://en.wikipedia.org/wiki/Aarambh
1976,Do Khiladi,https://en.wikipedia.org/wiki/Do_Khiladi
1976,Fakira,https://en.wikipedia.org/wiki/Fakira
1976,Jaaneman,https://en.wikipedia.org/wiki/Jaaneman_(1976_film)
1976,Kadambari,https://en.wikipedia.org/wiki/Kadambari_(1976_film)
1976,Khalifa,https://en.wikipedia.org/wiki/Khalifa_(film)
1976,Khamma Mara Veera,https://en.wikipedia.org/wiki/Khamma_Mara_Veera
1976,Koi Jeeta Koi Haara,https://en.wikipedia.org/wiki/Koi_Jeeta_Koi_Haara
1976,Lagaam,https://en.wikipedia.org/wiki/Lagaam_(1976_film)
1976,Maha Chor,https://en.wikipedia.org/wiki/Maha_Chor
1976,Mazdoor Zindabaad,https://en.wikipedia.org/wiki/Mazdoor_Zindabaad
1976,Mrigayaa,https://en.wikipedia.org/wiki/Mrigayaa
1976,Murder at Monkey Hill,https://en.wikipedia.org/wiki/Murder_at_Monkey_Hill
1976,Rakhi Aur Rifle,https://en.wikipedia.org/wiki/Rakhi_Aur_Rifle
1976,Rangila Ratan,https://en.wikipedia.org/wiki/Rangila_Ratan
1976,Sajjo Rani,https://en.wikipedia.org/wiki/Sajjo_Rani
1976,Sabse Bada Rupaiya,https://en.wikipedia.org/wiki/Sabse_Bada_Rupaiya_(1976_film)
1976,Sita Kalyanam,https://en.wikipedia.org/wiki/Sita_Kalyanam_(1976_film)
1976,Zid,https://en.wikipedia.org/wiki/Zid_(1976_film)
1976,Zamane Se Poocho,https://en.wikipedia.org/wiki/Zamane_Se_Poocho
1977,Aakhri Sajda,https://en.wikipedia.org/wiki/Aakhri_Sajda
1977,Aafat,https://en.wikipedia.org/wiki/Aafat
1977,Abhi To Jee Lein,https://en.wikipedia.org/wiki/Abhi_To_Jee_Lein
1977,Angaare,https://en.wikipedia.org/wiki/Angaare
1977,Chacha Bhatija,https://en.wikipedia.org/wiki/Chacha_Bhatija
1977,Chala Murari Hero Banne,https://en.wikipedia.org/wiki/Chala_Murari_Hero_Banne
1977,Chhailla Babu,https://en.wikipedia.org/wiki/Chhailla_Babu
1977,Do Chehere,https://en.wikipedia.org/wiki/Do_Chehere
1977,Gayatri Mahima,https://en.wikipedia.org/wiki/Gayatri_Mahima
1977,Haiwan,https://en.wikipedia.org/wiki/Haiwan_(film)
1977,Hatyara,https://en.wikipedia.org/wiki/Hatyara_(1977_film)
1977,Jallian Wala Bagh,https://en.wikipedia.org/wiki/Jallian_Wala_Bagh
1977,Janam Janam Na Saathi,https://en.wikipedia.org/wiki/Janam_Janam_Na_Saathi
1977,Kali Raat,https://en.wikipedia.org/wiki/Kali_Raat
1977,Khel Khilari Ka,https://en.wikipedia.org/wiki/Khel_Khilari_Ka
1977,Kissa Kursi Ka,https://en.wikipedia.org/wiki/Kissa_Kursi_Ka
1977,Kitaab,https://en.wikipedia.org/wiki/Kitaab
1977,Ladki Jawan Ho Gayi,https://en.wikipedia.org/wiki/Ladki_Jawan_Ho_Gayi
1977,Naami Chor,https://en.wikipedia.org/wiki/Naami_Chor
1977,Ooparwala Jaane,https://en.wikipedia.org/wiki/Ooparwala_Jaane
1977,Paheli,https://en.wikipedia.org/wiki/Paheli_(1977_film)
1977,Pandit Aur Pathan,https://en.wikipedia.org/wiki/Pandit_Aur_Pathan
1977,Pratima Aur Paayal,https://en.wikipedia.org/wiki/Pratima_Aur_Paayal
1977,Saheb Bahadur,https://en.wikipedia.org/wiki/Saheb_Bahadur
1977,Shatranj Ke Khilari,https://en.wikipedia.org/wiki/The_Chess_Players_(film)
1977,Shirdi Ke Sai Baba,https://en.wikipedia.org/wiki/Shirdi_Ke_Sai_Baba
1977,Shri Ram Vanvas,https://en.wikipedia.org/wiki/Shri_Ram_Vanvas
1977,Tabbaliyu Neenade Magane,https://en.wikipedia.org/wiki/Tabbaliyu_Neenade_Magane
1977,Taxi-Taxie,https://en.wikipedia.org/wiki/Taxi-Taxie
1978,Aahuti,https://en.wikipedia.org/wiki/Aahuti_(1978_film)
1978,Ankh Ka Tara,https://en.wikipedia.org/wiki/Ankh_Ka_Tara
1978,Ankhiyon Ke Jharokhon Se,https://en.wikipedia.org/wiki/Ankhiyon_Ke_Jharokhon_Se
1978,Anmol Tasveer,https://en.wikipedia.org/wiki/Anmol_Tasveer
1978,Arvind Desai Ki Ajeeb Dastaan,https://en.wikipedia.org/wiki/Arvind_Desai_Ki_Ajeeb_Dastaan
1978,Bhakti Mein Shakti,https://en.wikipedia.org/wiki/Bhakti_Mein_Shakti
1978,Bhookh,https://en.wikipedia.org/wiki/Bhookh_(1978_film)
1978,Dil Se Mile Dil,https://en.wikipedia.org/wiki/Dil_Se_Mile_Dil
1978,Ek Baap Chhe Bete,https://en.wikipedia.org/wiki/Ek_Baap_Chhe_Bete
1978,Ganga Sagar,https://en.wikipedia.org/wiki/Ganga_Sagar_(film)
1978,Ghata,https://en.wikipedia.org/wiki/Ghata
1978,Hungama Bombay Ishtyle,https://en.wikipedia.org/wiki/Hungama_Bombay_Ishtyle
1978,Hullabaloo Over Georgie and Bonnie's Pictures,https://en.wikipedia.org/wiki/Hullabaloo_Over_Georgie_and_Bonnie%27s_Pictures
1978,Junoon,https://en.wikipedia.org/wiki/Junoon_(1978_film)
1978,Khoon Ka Badla Khoon,https://en.wikipedia.org/wiki/Khoon_Ka_Badla_Khoon
1978,Kondura,https://en.wikipedia.org/wiki/Kondura
1978,Nasbandi,https://en.wikipedia.org/wiki/Nasbandi
1978,Nawab Sahib,https://en.wikipedia.org/wiki/Nawab_Sahib
1978,Raja Rani Ko Chahiye Pasina,https://en.wikipedia.org/wiki/Raja_Rani_Ko_Chahiye_Pasina
1978,Saajan Bina Suhagan,https://en.wikipedia.org/wiki/Saajan_Bina_Suhagan
1978,Saawan Ke Geet,https://en.wikipedia.org/wiki/Saawan_Ke_Geet
1978,Safed Haathi,https://en.wikipedia.org/wiki/Safed_Haathi
1978,Toote Khilone,https://en.wikipedia.org/wiki/Toote_Khilone
1979,Aangan Ki Kali,https://en.wikipedia.org/wiki/Aangan_Ki_Kali
1979,Bagula Bhagat,https://en.wikipedia.org/wiki/Bagula_Bhagat
1979,Bombay by Nite,https://en.wikipedia.org/wiki/Bombay_by_Nite
1979,Cinema Cinema,https://en.wikipedia.org/wiki/Cinema_Cinema
1979,Dhongee,https://en.wikipedia.org/wiki/Dhongee
1979,Dil Kaa Heera,https://en.wikipedia.org/wiki/Dil_Kaa_Heera
1979,Do Ladke Dono Kadke,https://en.wikipedia.org/wiki/Do_Ladke_Dono_Kadke
1979,Do Shikaari,https://en.wikipedia.org/wiki/Do_Shikaari
1979,Ghar Ki Laaj,https://en.wikipedia.org/wiki/Ghar_Ki_Laaj
1979,Gopal Krishna,https://en.wikipedia.org/wiki/Gopal_Krishna_(1979_film)
1979,Griha Pravesh,https://en.wikipedia.org/wiki/Griha_Pravesh_(1979_film)
1979,Har Har Gange,https://en.wikipedia.org/wiki/Har_Har_Gange
1979,Ikraar,https://en.wikipedia.org/wiki/Ikraar
1979,Jaan-e-Bahaar,https://en.wikipedia.org/wiki/Jaan-e-Bahaar
1979,Jeena Yahan,https://en.wikipedia.org/wiki/Jeena_Yahan
1979,Lakhan,https://en.wikipedia.org/wiki/Lakhan_(film)
1979,Maan Apmaan,https://en.wikipedia.org/wiki/Maan_Apmaan
1979,Nagin Aur Suhagin,https://en.wikipedia.org/wiki/Nagin_Aur_Suhagin
1979,Naiyya,https://en.wikipedia.org/wiki/Naiyya
1979,Raadha Aur Seeta,https://en.wikipedia.org/wiki/Raadha_Aur_Seeta
1979,Rikki-Tikki-Tavi,https://en.wikipedia.org/wiki/Rikki-Tikki-Tavi_(film)
1979,Shabhash Daddy,https://en.wikipedia.org/wiki/Shabhash_Daddy
1979,Shikshaa,https://en.wikipedia.org/wiki/Shikshaa
1979,Shodh,https://en.wikipedia.org/wiki/Shodh
1979,Sunayana,https://en.wikipedia.org/wiki/Sunayana_(film)
1980,Aanchal,https://en.wikipedia.org/wiki/Aanchal_(1980_film)
1980,Aakrosh,https://en.wikipedia.org/wiki/Aakrosh_(1980_film)
1980,Agreement,https://en.wikipedia.org/wiki/Agreement_(film)
1980,Albert Pinto Ko Gussa Kyoon Aata Hai,https://en.wikipedia.org/wiki/Albert_Pinto_Ko_Gussa_Kyoon_Aata_Hai%3F_(1980_film)
1980,Arising from the Surface,https://en.wikipedia.org/wiki/Arising_from_the_Surface
1980,Chambal Ki Kasam,https://en.wikipedia.org/wiki/Chambal_Ki_Kasam
1980,Gehrayee,https://en.wikipedia.org/wiki/Gehrayee
1980,Guest House,https://en.wikipedia.org/wiki/Guest_House_(1980_film)
1980,Jazbaat,https://en.wikipedia.org/wiki/Jazbaat_(1980_film)
1980,Kasturi,https://en.wikipedia.org/wiki/Kasturi_(1980_film)
1980,Lootmaar,https://en.wikipedia.org/wiki/Lootmaar
1980,Man Pasand,https://en.wikipedia.org/wiki/Man_Pasand
1980,Payal Ki Jhankaar,https://en.wikipedia.org/wiki/Payal_Ki_Jhankaar
1980,Satah Se Uthata Aadmi,https://en.wikipedia.org/wiki/Satah_Se_Uthata_Aadmi
1980,Sau Din Saas Ke,https://en.wikipedia.org/wiki/Sau_Din_Saas_Ke
1980,Sparsh,https://en.wikipedia.org/wiki/Sparsh_(film)
1980,The Naxalites,https://en.wikipedia.org/wiki/The_Naxalites
1981,Aankhon Ke Saamne,https://en.wikipedia.org/wiki/Aankhon_Ke_Saamne
1981,Be-Shaque,https://en.wikipedia.org/wiki/Be-Shaque
1981,Bhula Na Dena,https://en.wikipedia.org/wiki/Bhula_Na_Dena
1981,Chakra,https://en.wikipedia.org/wiki/Chakra_(1981_film)
1981,Commander,https://en.wikipedia.org/wiki/Commander_(1981_film)
1981,Dahshat,https://en.wikipedia.org/wiki/Dahshat
1981,Dhanwan,https://en.wikipedia.org/wiki/Dhanwan_(1981_film)
1981,Jwala Daku,https://en.wikipedia.org/wiki/Jwala_Daku
1981,Kalyug,https://en.wikipedia.org/wiki/Kalyug_(1981_film)
1981,Ladaaku,https://en.wikipedia.org/wiki/Ladaaku
1981,Laparwah,https://en.wikipedia.org/wiki/Laparwah
1981,Nakhuda,https://en.wikipedia.org/wiki/Nakhuda_(film)
1981,Plot No. 5,https://en.wikipedia.org/wiki/Plot_No._5
1981,Roohi,https://en.wikipedia.org/wiki/Roohi_(1981_film)
1981,Sadgati,https://en.wikipedia.org/wiki/Sadgati
1981,Sansani: The Sensation,https://en.wikipedia.org/wiki/Sansani:_The_Sensation
1981,Sazaye Maut,https://en.wikipedia.org/wiki/Sazaye_Maut
1981,Wardat,https://en.wikipedia.org/wiki/Wardat
1981,Wardaat,https://en.wikipedia.org/wiki/Wardaat
1982,Anmol Sitaare,https://en.wikipedia.org/wiki/Anmol_Sitaare
1982,Aagaman,https://en.wikipedia.org/wiki/Aagaman
1982,Aadharshila,https://en.wikipedia.org/wiki/Aadharshila
1982,Aparoopa,https://en.wikipedia.org/wiki/Aparoopa
1982,Apradhi Kaun?,https://en.wikipedia.org/wiki/Apradhi_Kaun%3F_(1982_film)
1982,Chambal Ke Daku,https://en.wikipedia.org/wiki/Chambal_Ke_Daku
1982,Dard Ka Rishta,https://en.wikipedia.org/wiki/Dard_Ka_Rishta
1982,Dulha Bikta Hai,https://en.wikipedia.org/wiki/Dulha_Bikta_Hai
1982,Hamari Bahu Alka,https://en.wikipedia.org/wiki/Hamari_Bahu_Alka
1982,Khush Naseeb,https://en.wikipedia.org/wiki/Khush_Naseeb
1982,Maine Jeena Seekh Liya,https://en.wikipedia.org/wiki/Maine_Jeena_Seekh_Liya
1982,Sant Gyaneshwar,https://en.wikipedia.org/wiki/Sant_Gyaneshwar
1982,Shaukeen,https://en.wikipedia.org/wiki/Shaukeen
1982,Shiv Charan,https://en.wikipedia.org/wiki/Shiv_Charan
1982,Vijeta,https://en.wikipedia.org/wiki/Vijeta_(1982_film)
1982,Yeh Nazdeekiyan,https://en.wikipedia.org/wiki/Yeh_Nazdeekiyan
1982,Zakhmee Insaan,https://en.wikipedia.org/wiki/Zakhmee_Insaan
1983,Agar Tum Na Hote,https://en.wikipedia.org/wiki/Agar_Tum_Na_Hote
1983,Achha Bura,https://en.wikipedia.org/wiki/Achha_Bura
1983,Ardh Satya,https://en.wikipedia.org/wiki/Ardh_Satya
1983,Arohan,https://en.wikipedia.org/wiki/Arohan_(film)
1983,Bandhan Kuchchey Dhaagon Ka,https://en.wikipedia.org/wiki/Bandhan_Kuchchey_Dhaagon_Ka
1983,Daulat Ke Dushman,https://en.wikipedia.org/wiki/Daulat_Ke_Dushman
1983,Gehri Chot - Urf: Durdesh,https://en.wikipedia.org/wiki/Gehri_Chot_-_Urf:_Durdesh
1983,Godam,https://en.wikipedia.org/wiki/Godam
1983,Jaane Bhi Do Yaaro,https://en.wikipedia.org/wiki/Jaane_Bhi_Do_Yaaro
1983,Kalaakaar,https://en.wikipedia.org/wiki/Kalaakaar
1983,Katha,https://en.wikipedia.org/wiki/Katha_(1983_film)
1983,Kaya Palat,https://en.wikipedia.org/wiki/Kaya_Palat
1983,Lal Chunariya,https://en.wikipedia.org/wiki/Lal_Chunariya
1983,Mehndi,https://en.wikipedia.org/wiki/Mehndi_(1983_film)
1983,Painter Babu,https://en.wikipedia.org/wiki/Painter_Babu
1983,Rishta Kagaz Ka,https://en.wikipedia.org/wiki/Rishta_Kagaz_Ka
1983,Sant Ravidas Ki Amar Kahani,https://en.wikipedia.org/wiki/Sant_Ravidas_Ki_Amar_Kahani
1983,Woh Jo Hasina,https://en.wikipedia.org/wiki/Woh_Jo_Hasina
1983,Woh Saat Din,https://en.wikipedia.org/wiki/Woh_Saat_Din
1984,Abodh,https://en.wikipedia.org/wiki/Abodh
1984,Andhi Gali,https://en.wikipedia.org/wiki/Andhi_Gali
1984,Awaaz,https://en.wikipedia.org/wiki/Awaaz
1984,Bhavna,https://en.wikipedia.org/wiki/Bhavna_(film)
1984,Dharm Aur Qanoon,https://en.wikipedia.org/wiki/Dharm_Aur_Qanoon
1984,Farishta,https://en.wikipedia.org/wiki/Farishta_(1984_film)
1984,Giddh,https://en.wikipedia.org/wiki/Giddh
1984,Hanste Khelte,https://en.wikipedia.org/wiki/Hanste_Khelte_(1984_film)
1984,Holi,https://en.wikipedia.org/wiki/Holi_(1984_film)
1984,Hum Do Hamare Do,https://en.wikipedia.org/wiki/Hum_Do_Hamare_Do_(1984_film)
1984,Insaaf Kaun Karega,https://en.wikipedia.org/wiki/Insaaf_Kaun_Karega
1984,Kamla,https://en.wikipedia.org/wiki/Kamla_(film)
1984,Kanoon Meri Mutthi Mein,https://en.wikipedia.org/wiki/Kanoon_Meri_Mutthi_Mein
1984,Khandhar,https://en.wikipedia.org/wiki/Khandhar
1984,Lakhon Ki Baat,https://en.wikipedia.org/wiki/Lakhon_Ki_Baat
1984,Mohan Joshi Hazir Ho!,https://en.wikipedia.org/wiki/Mohan_Joshi_Hazir_Ho!
1984,Paar,https://en.wikipedia.org/wiki/Paar_(film)
1984,Paroma,https://en.wikipedia.org/wiki/Paroma
1984,Party,https://en.wikipedia.org/wiki/Party_(1984_film)
1984,Phulwari,https://en.wikipedia.org/wiki/Phulwari_(1984_film)
1984,Raavan,https://en.wikipedia.org/wiki/Raavan_(1984_film)
1984,Ranjhan Mera Yaar,https://en.wikipedia.org/wiki/Ranjhan_Mera_Yaar
1984,Saaransh,https://en.wikipedia.org/wiki/Saaransh
1984,Sasural,https://en.wikipedia.org/wiki/Sasural_(1984_film)
1984,Seepeeyan,https://en.wikipedia.org/wiki/Seepeeyan
1984,Tarang,https://en.wikipedia.org/wiki/Tarang_(film)
1985,Aar Paar,https://en.wikipedia.org/wiki/Aar_Paar_(1985_film)
1985,Adventures of Tarzan,https://en.wikipedia.org/wiki/Adventures_of_Tarzan
1985,Aghaat,https://en.wikipedia.org/wiki/Aghaat
1985,Ameer Aadmi Gharib Aadmi,https://en.wikipedia.org/wiki/Ameer_Aadmi_Gharib_Aadmi
1985,Alag Alag,https://en.wikipedia.org/wiki/Alag_Alag
1985,Aurat Pair Ki Juti Nahin Hai,https://en.wikipedia.org/wiki/Aurat_Pair_Ki_Juti_Nahin_Hai
1985,Awara Baap,https://en.wikipedia.org/wiki/Awara_Baap
1985,Babu,https://en.wikipedia.org/wiki/Babu_(1985_film)
1985,Bhago Bhut Aaya,https://en.wikipedia.org/wiki/Bhago_Bhut_Aaya
1985,Damul,https://en.wikipedia.org/wiki/Damul
1985,Debshishu,https://en.wikipedia.org/wiki/Debshishu
1985,Ek Chitthi Pyar Bhari,https://en.wikipedia.org/wiki/Ek_Chitthi_Pyar_Bhari
1985,Ghar Dwaar,https://en.wikipedia.org/wiki/Ghar_Dwaar
1985,Jaago,https://en.wikipedia.org/wiki/Jaago_(1985_film)
1985,Jaanoo,https://en.wikipedia.org/wiki/Jaanoo
1985,Janam,https://en.wikipedia.org/wiki/Janam_(1985_film)
1985,Kala Suraj,https://en.wikipedia.org/wiki/Kala_Suraj
1985,Khamosh,https://en.wikipedia.org/wiki/Khamosh
1985,Maa Kasam,https://en.wikipedia.org/wiki/Maa_Kasam_(1985_film)
1985,Massey Sahib,https://en.wikipedia.org/wiki/Massey_Sahib
1985,Mati Manas,https://en.wikipedia.org/wiki/Mati_Manas
1985,Mera Damad,https://en.wikipedia.org/wiki/Mera_Damad
1985,Nasoor,https://en.wikipedia.org/wiki/Nasoor
1985,Ram Teri Ganga Maili,https://en.wikipedia.org/wiki/Ram_Teri_Ganga_Maili
1985,Rao Saheb,https://en.wikipedia.org/wiki/Rao_Saheb_(film)
1985,Rehguzar,https://en.wikipedia.org/wiki/Rehguzar
1985,Saamri,https://en.wikipedia.org/wiki/Saamri
1985,Trikal,https://en.wikipedia.org/wiki/Trikal
1986,Ek Aur Sikander,https://en.wikipedia.org/wiki/Ek_Aur_Sikander
1986,Genesis,https://en.wikipedia.org/wiki/Genesis_(1986_film)
1986,Ek Ruka Hua Faisla,https://en.wikipedia.org/wiki/Ek_Ruka_Hua_Faisla
1986,Khel Mohabbat Ka,https://en.wikipedia.org/wiki/Khel_Mohabbat_Ka
1986,Kaanch Ki Deewar,https://en.wikipedia.org/wiki/Kaanch_Ki_Deewar
1986,Krishna-Krishna,https://en.wikipedia.org/wiki/Krishna-Krishna
1986,Maati Balidan Ki,https://en.wikipedia.org/wiki/Maati_Balidan_Ki
1986,Manav Hatya,https://en.wikipedia.org/wiki/Manav_Hatya
1986,Mere Saath Chal,https://en.wikipedia.org/wiki/Mere_Saath_Chal
1986,Mazloom,https://en.wikipedia.org/wiki/Mazloom
1986,Naache Mayuri,https://en.wikipedia.org/wiki/Naache_Mayuri
1986,Musafir,https://en.wikipedia.org/wiki/Musafir_(1986_film)
1986,New Delhi Times,https://en.wikipedia.org/wiki/New_Delhi_Times_(film)
1986,Nasihat,https://en.wikipedia.org/wiki/Nasihat
1986,Pyaar Ke Do Pal,https://en.wikipedia.org/wiki/Pyaar_Ke_Do_Pal
1986,Pyar Kiya Hai Pyar Karenge,https://en.wikipedia.org/wiki/Pyar_Kiya_Hai_Pyar_Karenge
1986,Aadamkhor,https://en.wikipedia.org/wiki/Aadamkhor
1986,Amma,https://en.wikipedia.org/wiki/Amma_(1986_film)
1986,Adhikar,https://en.wikipedia.org/wiki/Adhikar_(1986_film)
1986,Ankush,https://en.wikipedia.org/wiki/Ankush_(1986_film)
1986,Andheri Raat Mein Diya Tere Haath Mein,https://en.wikipedia.org/wiki/Andheri_Raat_Mein_Diya_Tere_Haath_Mein
1986,Asli Naqli,https://en.wikipedia.org/wiki/Asli_Naqli
1986,Congregation,https://en.wikipedia.org/wiki/Congregation_(film)
1986,Qatil Aur Ashiq,https://en.wikipedia.org/wiki/Qatil_Aur_Ashiq
1986,Qatl,https://en.wikipedia.org/wiki/Qatl
1986,Shatru,https://en.wikipedia.org/wiki/Shatru_(1986_film)
1986,Tahkhana,https://en.wikipedia.org/wiki/Tahkhana
1986,Tan-Badan,https://en.wikipedia.org/wiki/Tan-Badan
1986,Vikram Vetal,https://en.wikipedia.org/wiki/Vikram_Vetal
1987,Dadagiri,https://en.wikipedia.org/wiki/Dadagiri_(film)
1987,Besahara,https://en.wikipedia.org/wiki/Besahara
1987,Insaaf,https://en.wikipedia.org/wiki/Insaaf_(1987_film)
1987,Khooni Darinda,https://en.wikipedia.org/wiki/Khooni_Darinda
1987,Khooni Mahal,https://en.wikipedia.org/wiki/Khooni_Mahal
1987,Loha,https://en.wikipedia.org/wiki/Loha_(1987_film)
1987,Mirch Masala,https://en.wikipedia.org/wiki/Mirch_Masala
1987,Parivaar,https://en.wikipedia.org/wiki/Parivaar_(1987_film)
1987,Pratighaat,https://en.wikipedia.org/wiki/Pratighaat_(1987_film)
1987,Superman,https://en.wikipedia.org/wiki/Superman_(1987_film)
1987,Susman,https://en.wikipedia.org/wiki/Susman_(film)
1987,Yeh Woh Manzil To Nahin,https://en.wikipedia.org/wiki/Yeh_Woh_Manzil_To_Nahin
1987,Pratighaat,https://en.wikipedia.org/wiki/Pratighaat
1987,Zevar,https://en.wikipedia.org/wiki/Zevar
1988,Aaj Ke Angaare,https://en.wikipedia.org/wiki/Aaj_Ke_Angaare
1988,Aaj Ka Robin Hood,https://en.wikipedia.org/wiki/Aaj_Ka_Robin_Hood
1988,Aag Ke Sholay,https://en.wikipedia.org/wiki/Aag_Ke_Sholay
1988,Akarshan,https://en.wikipedia.org/wiki/Akarshan
1988,Andha Yudh,https://en.wikipedia.org/wiki/Andha_Yudh
1988,Bahaar,https://en.wikipedia.org/wiki/Bahaar
1988,Charnon Ki Saugandh,https://en.wikipedia.org/wiki/Charnon_Ki_Saugandh
1988,Ek Aadmi,https://en.wikipedia.org/wiki/Ek_Aadmi
1988,Halla Gulla,https://en.wikipedia.org/wiki/Halla_Gulla
1988,Hamara Khandaan,https://en.wikipedia.org/wiki/Hamara_Khandaan
1988,Kabrastan,https://en.wikipedia.org/wiki/Kabrastan
1988,Khoon Bhari Maang,https://en.wikipedia.org/wiki/Khoon_Bhari_Maang
1990,Aandhiyan,https://en.wikipedia.org/wiki/Aandhiyan
1990,Amavas Ki Raat,https://en.wikipedia.org/wiki/Amavas_Ki_Raat
1990,College Girl,https://en.wikipedia.org/wiki/College_Girl_(1990_film)
1990,Disha,https://en.wikipedia.org/wiki/Disha_(film)
1990,Ek Doctor Ki Maut,https://en.wikipedia.org/wiki/Ek_Doctor_Ki_Maut
1990,Ek Ghar,https://en.wikipedia.org/wiki/Ek_Ghar
1990,Jungle Love,https://en.wikipedia.org/wiki/Jungle_Love_(film)
1990,Kaarnama,https://en.wikipedia.org/wiki/Kaarnama
1990,Kafan,https://en.wikipedia.org/wiki/Kafan
1990,Kali Ganga,https://en.wikipedia.org/wiki/Kali_Ganga
1990,Khatarnaak,https://en.wikipedia.org/wiki/Khatarnaak
1990,Pyar Ka Karz,https://en.wikipedia.org/wiki/Pyar_Ka_Karz
1990,Pratibandh,https://en.wikipedia.org/wiki/Pratibandh
1990,Pyar Ke Naam Qurbaan,https://en.wikipedia.org/wiki/Pyar_Ke_Naam_Qurbaan
1990,Shaitani Ilaaka,https://en.wikipedia.org/wiki/Shaitani_Ilaaka
1998,Dand Nayak,https://en.wikipedia.org/wiki/Dand_Nayak
1998,Devta,https://en.wikipedia.org/wiki/Devta_(1998_film)
1998,Deewana Hoon Pagal Nahi,https://en.wikipedia.org/wiki/Deewana_Hoon_Pagal_Nahi
1998,Ek Tha Dil Ek Thi Dhadkan,https://en.wikipedia.org/wiki/Ek_Tha_Dil_Ek_Thi_Dhadkan
1998,Ghar Bazar,https://en.wikipedia.org/wiki/Ghar_Bazar
1998,Ehsaas is Tarah,https://en.wikipedia.org/wiki/Ehsaas_is_Tarah
1998,Hatya Kaand,https://en.wikipedia.org/wiki/Hatya_Kaand
1998,Hazaar Chaurasi Ki Maa,https://en.wikipedia.org/wiki/Hazaar_Chaurasi_Ki_Maa
1998,Hatyara,https://en.wikipedia.org/wiki/Hatyara_(1998_film)
1998,Hyderabad Blues,https://en.wikipedia.org/wiki/Hyderabad_Blues
1998,Khote Sikkey,https://en.wikipedia.org/wiki/Khote_Sikkey
1998,Laash,https://en.wikipedia.org/wiki/Laash
1998,Khofnak Mahal,https://en.wikipedia.org/wiki/Khofnak_Mahal
1998,Mafia Raaj,https://en.wikipedia.org/wiki/Mafia_Raaj
1998,Mard,https://en.wikipedia.org/wiki/Mard_(1998_film)
1998,Mere Do Anmol Ratan,https://en.wikipedia.org/wiki/Mere_Do_Anmol_Ratan
1998,Military Raaj,https://en.wikipedia.org/wiki/Military_Raaj
1998,Mohabbat Aur Jung,https://en.wikipedia.org/wiki/Mohabbat_Aur_Jung
1998,Pyasi Aatma,https://en.wikipedia.org/wiki/Pyasi_Aatma
1998,Saaz,https://en.wikipedia.org/wiki/Saaz_(film)
1998,Sar Utha Ke Jiyo,https://en.wikipedia.org/wiki/Sar_Utha_Ke_Jiyo
1998,Train To Pakistan,https://en.wikipedia.org/wiki/Train_to_Pakistan_(film)
1998,Zor,https://en.wikipedia.org/wiki/Zor_(film)
1998,Zulm-O-Sitam,https://en.wikipedia.org/wiki/Zulm-O-Sitam
1999,Aaag Hi Aag,https://en.wikipedia.org/wiki/Aaag_Hi_Aag
1999,Benaam,https://en.wikipedia.org/wiki/Benaam_(1999_film)
1999,Bhoot Ka Darr,https://en.wikipedia.org/wiki/Bhoot_Ka_Darr
1999,Chudail No. 1,https://en.wikipedia.org/wiki/Chudail_No._1
1999,Dahek,https://en.wikipedia.org/wiki/Dahek
1999,Dil Kya Kare,https://en.wikipedia.org/wiki/Dil_Kya_Kare
1999,Dubashi,https://en.wikipedia.org/wiki/Dubashi
1999,Ganga Ki Kasam,https://en.wikipedia.org/wiki/Ganga_Ki_Kasam_(1999_film)
1999,Hu Tu Tu,https://en.wikipedia.org/wiki/Hu_Tu_Tu
1999,Jahan Tum Le Chalo,https://en.wikipedia.org/wiki/Jahan_Tum_Le_Chalo
1999,Kaala Samrajya,https://en.wikipedia.org/wiki/Kaala_Samrajya
1999,Kachche Dhaage,https://en.wikipedia.org/wiki/Kachche_Dhaage
1999,Kaun?,https://en.wikipedia.org/wiki/Kaun%3F
1999,Khooni Ilaaka:The Prohibited Area,https://en.wikipedia.org/wiki/Khooni_Ilaaka:The_Prohibited_Area
1999,Khoonkar Darinde,https://en.wikipedia.org/wiki/Khoonkar_Darinde
1999,Khopdi: The Skull,https://en.wikipedia.org/wiki/Khopdi:_The_Skull
1999,Kohram,https://en.wikipedia.org/wiki/Kohram
1999,Last Train to Mahakali,https://en.wikipedia.org/wiki/Last_Train_to_Mahakali
1999,Lohpurush,https://en.wikipedia.org/wiki/Lohpurush
1999,Maa Kasam,https://en.wikipedia.org/wiki/Maa_Kasam_(1999_film)
1999,Munnibai,https://en.wikipedia.org/wiki/Munnibai
1999,Murdaa Ghar,https://en.wikipedia.org/wiki/Murdaa_Ghar
1999,Naukar Ki Kameez,https://en.wikipedia.org/wiki/Naukar_Ki_Kameez
1999,Nyaydaata,https://en.wikipedia.org/wiki/Nyaydaata
1999,Phool Aur Aag,https://en.wikipedia.org/wiki/Phool_Aur_Aag
1999,Safari,https://en.wikipedia.org/wiki/Safari_(1999_film)
1999,Samar,https://en.wikipedia.org/wiki/Samar_(1999_film)
1999,Sanyasi Mera Naam,https://en.wikipedia.org/wiki/Sanyasi_Mera_Naam
1999,Sautela,https://en.wikipedia.org/wiki/Sautela
1999,Shaheed Udham Singh,https://en.wikipedia.org/wiki/Shaheed_Udham_Singh_(film)
1999,Shool,https://en.wikipedia.org/wiki/Shool
1999,Zulmi,https://en.wikipedia.org/wiki/Zulmi
2000,Aaj Ka Ravan,https://en.wikipedia.org/wiki/Aaj_Ka_Ravan
2000,Mohan Bhakri,https://en.wikipedia.org/wiki/Mohan_Bhakri
2000,Astitva,https://en.wikipedia.org/wiki/Astitva
2000,Bawandar,https://en.wikipedia.org/wiki/Bawandar
2000,Billa No. 786,https://en.wikipedia.org/wiki/Billa_No._786
2000,Champion,https://en.wikipedia.org/wiki/Champion_(2000_film)
2000,Hari-Bhari,https://en.wikipedia.org/wiki/Hari-Bhari
2000,Kabrastan,https://en.wikipedia.org/wiki/Kabrastan
2000,Kairee,https://en.wikipedia.org/wiki/Kairee
2000,Pandavas: The Five Warriors,https://en.wikipedia.org/wiki/Pandavas:_The_Five_Warriors
2000,Sultaan,https://en.wikipedia.org/wiki/Sultaan
2001,Ajnabee,https://en.wikipedia.org/wiki/Ajnabee_(2001_film)
2001,Bas Itna Sa Khwaab Hai,https://en.wikipedia.org/wiki/Bas_Itna_Sa_Khwaab_Hai
2001,Chandni Bar,https://en.wikipedia.org/wiki/Chandni_Bar
2001,Daman,https://en.wikipedia.org/wiki/Daman_(2001_film)
2001,Dattak,https://en.wikipedia.org/wiki/Dattak
2001,Dil Ne Phir Yaad Kiya,https://en.wikipedia.org/wiki/Dil_Ne_Phir_Yaad_Kiya_(2001_film)
2001,Ehsaas: The Feeling,https://en.wikipedia.org/wiki/Ehsaas:_The_Feeling
2001,Kuch Khatti Kuch Meethi,https://en.wikipedia.org/wiki/Kuch_Khatti_Kuch_Meethi
2001,Love You Hamesha,https://en.wikipedia.org/wiki/Love_You_Hamesha
2001,Maya,https://en.wikipedia.org/wiki/Maya_(2001_film)
2001,Monsoon Wedding,https://en.wikipedia.org/wiki/Monsoon_Wedding
2001,Paagalpan,https://en.wikipedia.org/wiki/Paagalpan
2001,Tamboo Mein Bamoo,https://en.wikipedia.org/wiki/Tamboo_Mein_Bamoo
2002,Baaja,https://en.wikipedia.org/wiki/Baaja
2002,Bollywood Queen,https://en.wikipedia.org/wiki/Bollywood_Queen
2002,Bomb the System,https://en.wikipedia.org/wiki/Bomb_the_System
2002,Chor Machaaye Shor,https://en.wikipedia.org/wiki/Chor_Machaaye_Shor
2002,Deewangee,https://en.wikipedia.org/wiki/Deewangee
2002,Ek Chhotisi Love Story,https://en.wikipedia.org/wiki/Ek_Chhotisi_Love_Story
2002,Encounter: The Killing,https://en.wikipedia.org/wiki/Encounter:_The_Killing
2002,Ghaav: The Wound,https://en.wikipedia.org/wiki/Ghaav:_The_Wound
2002,Hum Kisise Kum Nahin,https://en.wikipedia.org/wiki/Hum_Kisise_Kum_Nahin_(2002_film)
2002,Jang Aur Aman,https://en.wikipedia.org/wiki/Jang_Aur_Aman
2002,Kabhie Tum Kabhie Hum,https://en.wikipedia.org/wiki/Kabhie_Tum_Kabhie_Hum
2002,Koi Mere Dil Se Poochhe,https://en.wikipedia.org/wiki/Koi_Mere_Dil_Se_Poochhe
2002,Makdee,https://en.wikipedia.org/wiki/Makdee
2002,Mere Yaar Ki Shaadi Hai,https://en.wikipedia.org/wiki/Mere_Yaar_Ki_Shaadi_Hai
2002,Mulaqaat,https://en.wikipedia.org/wiki/Mulaqaat
2002,Nishad,https://en.wikipedia.org/wiki/Nishad_(2002_film)
2002,Shaheed-E-Azam,https://en.wikipedia.org/wiki/Shaheed-E-Azam
2002,Shararat,https://en.wikipedia.org/wiki/Shararat_(2002_film)
2002,Yeh Kaisi Mohabbat,https://en.wikipedia.org/wiki/Yeh_Kaisi_Mohabbat
2002,Yeh Kya Ho Raha Hai?,https://en.wikipedia.org/wiki/Yeh_Kya_Ho_Raha_Hai%3F
2002,Yeh Mohabbat Hai,https://en.wikipedia.org/wiki/Yeh_Mohabbat_Hai
2002,Zindagi Khoobsoorat Hai,https://en.wikipedia.org/wiki/Zindagi_Khoobsoorat_Hai
2003,Aaj Ka Andha Kanoon,https://en.wikipedia.org/wiki/Aaj_Ka_Andha_Kanoon
2003,88 Antop Hill,https://en.wikipedia.org/wiki/88_Antop_Hill
2003,3 Deewarein,https://en.wikipedia.org/wiki/3_Deewarein
2003,Bas Yun Hi,https://en.wikipedia.org/wiki/Bas_Yun_Hi
2003,Basti,https://en.wikipedia.org/wiki/Basti_(film)
2003,Darna Mana Hai,https://en.wikipedia.org/wiki/Darna_Mana_Hai
2003,Dum,https://en.wikipedia.org/wiki/Dum_(2003_Hindi_film)
2003,Ek Alag Mausam,https://en.wikipedia.org/wiki/Ek_Alag_Mausam
2003,Ek Din 24 Ghante,https://en.wikipedia.org/wiki/Ek_Din_24_Ghante
2003,Final Solution,https://en.wikipedia.org/wiki/Final_Solution_(2003_film)
2003,Hawa,https://en.wikipedia.org/wiki/Hawa_(2003_film)
2003,Jajantaram Mamantaram,https://en.wikipedia.org/wiki/Jajantaram_Mamantaram
2003,Janasheen,https://en.wikipedia.org/wiki/Janasheen
2003,Jodi Kya Banayi Wah Wah Ramji,https://en.wikipedia.org/wiki/Jodi_Kya_Banayi_Wah_Wah_Ramji
2003,Joggers Park,https://en.wikipedia.org/wiki/Joggers%27_Park_(film)
2003,Kagaar: Life on the Edge,https://en.wikipedia.org/wiki/Kagaar:_Life_on_the_Edge
2003,Kash Aap Hamare Hote,https://en.wikipedia.org/wiki/Kash_Aap_Hamare_Hote
2003,Khel – No Ordinary Game,https://en.wikipedia.org/wiki/Khel_%E2%80%93_No_Ordinary_Game
2003,Love at Times Square,https://en.wikipedia.org/wiki/Love_at_Times_Square
2003,Main Madhuri Dixit Banna Chahti Hoon,https://en.wikipedia.org/wiki/Main_Madhuri_Dixit_Banna_Chahti_Hoon
2003,Mumbai Matinee,https://en.wikipedia.org/wiki/Mumbai_Matinee
2003,Nayee Padosan,https://en.wikipedia.org/wiki/Nayee_Padosan
2003,Oops!,https://en.wikipedia.org/wiki/Oops!_(film)
2003,Paap,https://en.wikipedia.org/wiki/Paap
2003,The Pink Mirror,https://en.wikipedia.org/wiki/The_Pink_Mirror_(2003_film)
2003,Praan Jaye Par Shaan Na Jaye,https://en.wikipedia.org/wiki/Praan_Jaye_Par_Shaan_Na_Jaye
2003,Raghu Romeo,https://en.wikipedia.org/wiki/Raghu_Romeo
2003,"Right Here, Right Now","https://en.wikipedia.org/wiki/Right_Here,_Right_Now_(film)"
2003,Rules: Pyaar Ka Superhit Formula,https://en.wikipedia.org/wiki/Rules:_Pyaar_Ka_Superhit_Formula
2003,Samay: When Time Strikes,https://en.wikipedia.org/wiki/Samay:_When_Time_Strikes
2003,Satta,https://en.wikipedia.org/wiki/Satta_(2003_film)
2003,Talaash: The Hunt Begins...,https://en.wikipedia.org/wiki/Talaash:_The_Hunt_Begins...
2004,Aan: Men at Work,https://en.wikipedia.org/wiki/Aan:_Men_at_Work
2004,Ab Tak Chappan,https://en.wikipedia.org/wiki/Ab_Tak_Chappan
2004,Ab... Bas!,https://en.wikipedia.org/wiki/Ab..._Bas!
2004,AK-47,https://en.wikipedia.org/wiki/AK-47_(2004_film)
2004,Bhola in Bollywood,https://en.wikipedia.org/wiki/Bhola_in_Bollywood
2004,Charas,https://en.wikipedia.org/wiki/Charas_(2004_film)
2004,Dobara,https://en.wikipedia.org/wiki/Dobara
2004,Hava Aney Dey,https://en.wikipedia.org/wiki/Hava_Aney_Dey
2004,Hawas,https://en.wikipedia.org/wiki/Hawas_(2004_film)
2004,I Proud to Be an Indian,https://en.wikipedia.org/wiki/I_Proud_to_Be_an_Indian
2004,Hyderabad Blues 2,https://en.wikipedia.org/wiki/Hyderabad_Blues_2
2004,Inteqam: The Perfect Game,https://en.wikipedia.org/wiki/Inteqam:_The_Perfect_Game
2004,Jaago,https://en.wikipedia.org/wiki/Jaago_(2004_film)
2004,Kaya Taran,https://en.wikipedia.org/wiki/Kaya_Taran
2004,Khamosh Pani,https://en.wikipedia.org/wiki/Khamosh_Pani
2004,King of Bollywood,https://en.wikipedia.org/wiki/King_of_Bollywood
2004,Kismat,https://en.wikipedia.org/wiki/Kismat_(2004_film)
2004,Kyun! Ho Gaya Na...,https://en.wikipedia.org/wiki/Kyun!_Ho_Gaya_Na...
2004,Madhoshi,https://en.wikipedia.org/wiki/Madhoshi
2004,Meenaxi: A Tale of Three Cities,https://en.wikipedia.org/wiki/Meenaxi:_A_Tale_of_Three_Cities
2004,Mysteries Shaque,https://en.wikipedia.org/wiki/Mysteries_Shaque
2004,Phir Milenge,https://en.wikipedia.org/wiki/Phir_Milenge_(2004_film)
2004,Stop!,https://en.wikipedia.org/wiki/Stop!_(film)
2004,Swades,https://en.wikipedia.org/wiki/Swades
2004,Tauba Tauba,https://en.wikipedia.org/wiki/Tauba_Tauba
2004,Uuf Kya Jaadoo Mohabbat Hai,https://en.wikipedia.org/wiki/Uuf_Kya_Jaadoo_Mohabbat_Hai
2004,Vaastu Shastra,https://en.wikipedia.org/wiki/Vaastu_Shastra_(film)
2004,Ek Hasina Thi,https://en.wikipedia.org/wiki/Ek_Hasina_Thi_(film)
2004,Maqbool,https://en.wikipedia.org/wiki/Maqbool
2005,Classic – Dance of Love,https://en.wikipedia.org/wiki/Classic_%E2%80%93_Dance_of_Love
2005,My Brother... Nikhil,https://en.wikipedia.org/wiki/My_Brother..._Nikhil
2005,Hazaaron Khwaishein Aisi,https://en.wikipedia.org/wiki/Hazaaron_Khwaishein_Aisi
2005,Naina,https://en.wikipedia.org/wiki/Naina_(2005_film)
2005,D,https://en.wikipedia.org/wiki/D_(film)
2005,Double Cross - Ek Dhoka,https://en.wikipedia.org/wiki/Double_Cross_(2005_film)
2005,Bhagmati,https://en.wikipedia.org/wiki/Bhagmati_(2005_film)
2005,Mumbai Godfather,https://en.wikipedia.org/wiki/Mumbai_Godfather
2005,"Main, Meri Patni Aur Woh","https://en.wikipedia.org/wiki/Main,_Meri_Patni_Aur_Woh"
2005,Maine Gandhi Ko Nahin Mara,https://en.wikipedia.org/wiki/Maine_Gandhi_Ko_Nahin_Mara
2005,Hanuman,https://en.wikipedia.org/wiki/Hanuman_(2005_film)
2005,Anjaane,https://en.wikipedia.org/wiki/Anjaane_(2005_film)
2006,Devaki,https://en.wikipedia.org/wiki/Devaki_(2005_film)
2006,Zinda,https://en.wikipedia.org/wiki/Zinda_(film)
2006,Aksar,https://en.wikipedia.org/wiki/Aksar
2006,Suneel Darshan,https://en.wikipedia.org/wiki/Suneel_Darshan
2006,Holiday,https://en.wikipedia.org/wiki/Holiday_(2006_film)
2006,Chingaari,https://en.wikipedia.org/wiki/Chingaari
2006,Humko Tumse Pyaar Hai,https://en.wikipedia.org/wiki/Humko_Tumse_Pyaar_Hai
2006,Jigyaasa,https://en.wikipedia.org/wiki/Jigyaasa
2006,Umar,https://en.wikipedia.org/wiki/Umar_(film)
2006,Being Cyrus,https://en.wikipedia.org/wiki/Being_Cyrus
2006,Banaras,https://en.wikipedia.org/wiki/Banaras_(2006_film)
2006,Pyare Mohan,https://en.wikipedia.org/wiki/Pyare_Mohan
2006,Darna Zaroori Hai,https://en.wikipedia.org/wiki/Darna_Zaroori_Hai
2006,Aatma,https://en.wikipedia.org/wiki/Aatma_(2006_film)
2006,Love Ke Chakkar Mein,https://en.wikipedia.org/wiki/Love_Ke_Chakkar_Mein
2006,Alag,https://en.wikipedia.org/wiki/Alag
2006,The Killer,https://en.wikipedia.org/wiki/The_Killer_(2006_film)
2006,Ahista Ahista,https://en.wikipedia.org/wiki/Ahista_Ahista_(2006_film)
2006,Dil Diya Hai,https://en.wikipedia.org/wiki/Dil_Diya_Hai
2006,Krishna,https://en.wikipedia.org/wiki/Krishna_(2006_film)
2006,Bhoot Unkle,https://en.wikipedia.org/wiki/Bhoot_Unkle
2006,K. Ravi Shankar,https://en.wikipedia.org/wiki/K._Ravi_Shankar
2006,Utthaan,https://en.wikipedia.org/wiki/Utthaan
2007,Traffic Signal,https://en.wikipedia.org/wiki/Traffic_Signal_(film)
2007,Amrit Sagar,https://en.wikipedia.org/wiki/Amrit_Sagar
2007,My Bollywood Bride,https://en.wikipedia.org/wiki/My_Bollywood_Bride
2007,Delhii Heights,https://en.wikipedia.org/wiki/Delhii_Heights
2007,Shakal,https://en.wikipedia.org/wiki/Shakalaka_Boom_Boom
2007,Big Brother,https://en.wikipedia.org/wiki/Big_Brother_(2007_film)
2007,Yatra,https://en.wikipedia.org/wiki/Yatra_(2007_film)
2007,Ek Chalis Ki Last Local,https://en.wikipedia.org/wiki/Ek_Chalis_Ki_Last_Local
2007,Cheeni Kum,https://en.wikipedia.org/wiki/Cheeni_Kum
2007,Dharm,https://en.wikipedia.org/wiki/Dharm_(film)
2007,Naqaab,https://en.wikipedia.org/wiki/Naqaab_(2007_film)
2007,Cash,https://en.wikipedia.org/wiki/Cash_(2007_film)
2007,Ammtoje Mann,https://en.wikipedia.org/wiki/Ammtoje_Mann
2007,Buddha Mar Gaya,https://en.wikipedia.org/wiki/Buddha_Mar_Gaya
2007,Heyy Babyy,https://en.wikipedia.org/wiki/Heyy_Babyy
2007,Chhodon Naa Yaar,https://en.wikipedia.org/wiki/Chhodon_Naa_Yaar
2007,Speed,https://en.wikipedia.org/wiki/Speed_(2007_film)
2007,Bal Ganesh,https://en.wikipedia.org/wiki/Bal_Ganesh
2008,Humne Jeena Seekh Liya,https://en.wikipedia.org/wiki/Humne_Jeena_Seekh_Liya
2008,Halla Bol,https://en.wikipedia.org/wiki/Halla_Bol
2008,Rama Rama Kya Hai Dramaa?,https://en.wikipedia.org/wiki/Rama_Rama_Kya_Hai_Dramaa%3F
2008,One Two Three,https://en.wikipedia.org/wiki/One_Two_Three
2008,Shaurya,https://en.wikipedia.org/wiki/Shaurya
2008,Krazzy 4,https://en.wikipedia.org/wiki/Krazzy_4
2008,Jimmy,https://en.wikipedia.org/wiki/Jimmy_(2008_film)
2008,Jannat,https://en.wikipedia.org/wiki/Jannat_(2008_film)
2008,Dhoom Dadakka,https://en.wikipedia.org/wiki/Dhoom_Dadakka
2008,Woodstock Villa,https://en.wikipedia.org/wiki/Woodstock_Villa
2008,Ugly Aur Pagli,https://en.wikipedia.org/wiki/Ugly_Aur_Pagli
2008,Good Luck!,https://en.wikipedia.org/wiki/Good_Luck!
2008,Phoonk,https://en.wikipedia.org/wiki/Phoonk
2008,A Wednesday!,https://en.wikipedia.org/wiki/A_Wednesday!
2008,Rock On!!,https://en.wikipedia.org/wiki/Rock_On!!
2008,Hari Puttar: A Comedy of Terrors,https://en.wikipedia.org/wiki/Hari_Puttar:_A_Comedy_of_Terrors
2008,Hello,https://en.wikipedia.org/wiki/Hello_(2008_film)
2008,Golmaal Returns,https://en.wikipedia.org/wiki/Golmaal_Returns
2009,Luck by Chance,https://en.wikipedia.org/wiki/Luck_by_Chance
2009,Billu,https://en.wikipedia.org/wiki/Billu
2009,13B,https://en.wikipedia.org/wiki/Yavarum_Nalam
2009,Jai Veeru,https://en.wikipedia.org/wiki/Jai_Veeru
2009,Sikandar,https://en.wikipedia.org/wiki/Sikandar_(2009_film)
2009,99,https://en.wikipedia.org/wiki/99_(2009_film)
2009,Detective Naani,https://en.wikipedia.org/wiki/Detective_Naani
2009,"Three: Love, Lies, Betrayal","https://en.wikipedia.org/wiki/Three:_Love,_Lies,_Betrayal"
2009,Aagey Se Right,https://en.wikipedia.org/wiki/Aagey_Se_Right
2009,Do Knot Disturb,https://en.wikipedia.org/wiki/Do_Knot_Disturb
2009,All the Best: Fun Begins,https://en.wikipedia.org/wiki/All_the_Best:_Fun_Begins
2009,Bal Ganesh 2,https://en.wikipedia.org/wiki/Bal_Ganesh_2
2009,Ajab Prem Ki Ghazab Kahani,https://en.wikipedia.org/wiki/Ajab_Prem_Ki_Ghazab_Kahani
2009,Tum Mile,https://en.wikipedia.org/wiki/Tum_Mile
2009,De Dana Dan,https://en.wikipedia.org/wiki/De_Dana_Dan
2009,"Raat Gayi, Baat Gayi?","https://en.wikipedia.org/wiki/Raat_Gayi,_Baat_Gayi%3F"
2009,Accident on Hill Road,https://en.wikipedia.org/wiki/Accident_on_Hill_Road
2010,Chance Pe Dance,https://en.wikipedia.org/wiki/Chance_Pe_Dance
2010,Veer,https://en.wikipedia.org/wiki/Veer_(2010_film)
2010,The Hangman,https://en.wikipedia.org/wiki/The_Hangman_(2010_film)
2010,Chandan Arora,https://en.wikipedia.org/wiki/Chandan_Arora
2010,Sukhmani: Hope for Life,https://en.wikipedia.org/wiki/Sukhmani:_Hope_for_Life
2010,Aanaahad,https://en.wikipedia.org/wiki/Aanaahad
2010,Pankh,https://en.wikipedia.org/wiki/Pankh
2010,Paathshaala,https://en.wikipedia.org/wiki/Paathshaala
2010,Chase,https://en.wikipedia.org/wiki/Chase_(2010_film)
2010,Badmaash Company,https://en.wikipedia.org/wiki/Badmaash_Company
2010,Kites,https://en.wikipedia.org/wiki/Kites_(2010_film)
2010,Ek Second... Jo Zindagi Badal De?,https://en.wikipedia.org/wiki/Ek_Second..._Jo_Zindagi_Badal_De%3F
2010,I Hate Luv Storys,https://en.wikipedia.org/wiki/I_Hate_Luv_Storys
2010,Aisha,https://en.wikipedia.org/wiki/Aisha_(2010_film)
2010,Lafangey Parindey,https://en.wikipedia.org/wiki/Lafangey_Parindey
2010,Crook,https://en.wikipedia.org/wiki/Crook_(film)
2010,Dunno Y... Na Jaane Kyon,https://en.wikipedia.org/wiki/Dunno_Y..._Na_Jaane_Kyon
2010,Allah Ke Banday,https://en.wikipedia.org/wiki/Allah_Ke_Banday
2010,332 Mumbai to India,https://en.wikipedia.org/wiki/332_Mumbai_to_India
2010,Vinay Shukla,https://en.wikipedia.org/wiki/Vinay_Shukla
2010,Tera Kya Hoga Johnny,https://en.wikipedia.org/wiki/Tera_Kya_Hoga_Johnny
2011,Yamla Pagla Deewana,https://en.wikipedia.org/wiki/Yamla_Pagla_Deewana
2011,Dhobi Ghat,https://en.wikipedia.org/wiki/Dhobi_Ghat_(film)
2011,Dil Toh Baccha Hai Ji,https://en.wikipedia.org/wiki/Dil_Toh_Baccha_Hai_Ji
2011,404,https://en.wikipedia.org/wiki/404_(film)
2011,Khap,https://en.wikipedia.org/wiki/Khap_(film)
2011,Chala Mussaddi... Office Office,https://en.wikipedia.org/wiki/Chala_Mussaddi..._Office_Office
2011,That Girl in Yellow Boots,https://en.wikipedia.org/wiki/That_Girl_in_Yellow_Boots
2011,Super K – The Movie,https://en.wikipedia.org/wiki/Super_K_%E2%80%93_The_Movie
2011,Shakal Pe Mat Ja,https://en.wikipedia.org/wiki/Shakal_Pe_Mat_Ja
2012,Say Yes to Love,https://en.wikipedia.org/wiki/Say_Yes_to_Love_(film)
2012,Gattu,https://en.wikipedia.org/wiki/Gattu
2012,Manish Vatsalya,https://en.wikipedia.org/wiki/Manish_Vatsalya
2012,Ajab Gazabb Love,https://en.wikipedia.org/wiki/Ajab_Gazabb_Love
2012,The Last Act,https://en.wikipedia.org/wiki/The_Last_Act_(film)
2012,Son of Sardaar,https://en.wikipedia.org/wiki/Son_of_Sardaar
2013,Priya Krishnaswamy,https://en.wikipedia.org/wiki/Priya_Krishnaswamy
2013,Inkaar,https://en.wikipedia.org/wiki/Inkaar_(2013_film)
2013,Deewana Main Deewana,https://en.wikipedia.org/wiki/Deewana_Main_Deewana
2013,Jayantabhai Ki Luv Story,https://en.wikipedia.org/wiki/Jayantabhai_Ki_Luv_Story
2013,The Adventures of Sinbad,https://en.wikipedia.org/wiki/The_Adventures_of_Sinbad
2013,Shootout at Wadala,https://en.wikipedia.org/wiki/Shootout_at_Wadala
2013,Ghanchakkar,https://en.wikipedia.org/wiki/Ghanchakkar_(film)
2013,Shashant Shah,https://en.wikipedia.org/wiki/Shashant_Shah
2013,Chennai Express,https://en.wikipedia.org/wiki/Chennai_Express
2013,Satyagraha,https://en.wikipedia.org/wiki/Satyagraha_(film)
2013,Siddharth,https://en.wikipedia.org/wiki/Siddharth_(2013_film)
2013,Phata Poster Nikhla Hero,https://en.wikipedia.org/wiki/Phata_Poster_Nikhla_Hero
2013,Jaideep Chopra,https://en.wikipedia.org/wiki/Jaideep_Chopra
2013,Shahid,https://en.wikipedia.org/wiki/Shahid_(film)
2013,Wake Up India,https://en.wikipedia.org/wiki/Wake_Up_India
2013,Rajjo,https://en.wikipedia.org/wiki/Rajjo
2013,Jackpot,https://en.wikipedia.org/wiki/Jackpot_(2013_film)
2014,Hawaa Hawaai,https://en.wikipedia.org/wiki/Hawaa_Hawaai
2014,Filmistaan,https://en.wikipedia.org/wiki/Filmistaan
2014,Armaan Jain,https://en.wikipedia.org/wiki/Armaan_Jain
2014,Fireflies,https://en.wikipedia.org/wiki/Fireflies_(2014_film)
2014,6 – 5 = 2,https://en.wikipedia.org/wiki/6-5%3D2_(2014_film)
2014,Gollu Aur Pappu,https://en.wikipedia.org/wiki/Gollu_Aur_Pappu
2015,International Hero,https://en.wikipedia.org/wiki/International_Hero_(film)
2015,Ab Tak Chhappan 2,https://en.wikipedia.org/wiki/Ab_Tak_Chhappan_2
2015,Sharat Katariya,https://en.wikipedia.org/wiki/Sharat_Katariya
2015,Court,https://en.wikipedia.org/wiki/Court_(2014_film)
2015,Titli,https://en.wikipedia.org/wiki/Titli_(2014_film)
2015,X: Past Is Present,https://en.wikipedia.org/wiki/X:_Past_Is_Present
2016,Zubaan,https://en.wikipedia.org/wiki/Zubaan
2016,Kaafiron Ki Namaaz,https://en.wikipedia.org/wiki/Kaafiron_Ki_Namaaz
2016,Dear Dad,https://en.wikipedia.org/wiki/Dear_Dad_(film)
2016,Parched,https://en.wikipedia.org/wiki/Parched
2016,Anna,https://en.wikipedia.org/wiki/Anna_(2016_film)
2016,Chaar Sahibzaade: Rise of Banda Singh Bahadur,https://en.wikipedia.org/wiki/Chaar_Sahibzaade:_Rise_of_Banda_Singh_Bahadur
2017,Haraamkhor,https://en.wikipedia.org/wiki/Haraamkhor
2017,Shaurya Singh,https://en.wikipedia.org/wiki/Shaurya_Singh
2017,Mantostaan,https://en.wikipedia.org/wiki/Mantostaan
2017,Lipstick Under My Burkha,https://en.wikipedia.org/wiki/Lipstick_Under_My_Burkha
2017,Sabbir Khan,https://en.wikipedia.org/wiki/Sabbir_Khan
2017,Gurgaon,https://en.wikipedia.org/wiki/Gurgaon_(film)
2017,Partition: 1947,https://en.wikipedia.org/wiki/Partition:_1947
2017,Ranchi Diaries,https://en.wikipedia.org/wiki/Ranchi_Diaries
2017,Saankal,https://en.wikipedia.org/wiki/Saankal
2018,Padmaavat,https://en.wikipedia.org/wiki/Padmaavat
2018,Hanuman vs Mahiravana,https://en.wikipedia.org/wiki/Hanuman_vs_Mahiravana
2018,Once Again,https://en.wikipedia.org/wiki/Once_Again_(2018_film)
2018,Soham Shah,https://en.wikipedia.org/wiki/Soham_Shah
2018,Tigers,https://en.wikipedia.org/wiki/Tigers_(2014_film)
2018,Ascharyachakit!,https://en.wikipedia.org/wiki/Ascharyachakit!
2019,Salt Bridge,https://en.wikipedia.org/wiki/Salt_Bridge_(film)
2019,Goopi Gawaiya Bagha Bajaiya,https://en.wikipedia.org/wiki/Goopi_Gawaiya_Bagha_Bajaiya
2019,Hamid,https://en.wikipedia.org/wiki/Hamid_(film)
2019,Albert Pinto Ko Gussa Kyun Aata Hai?,https://en.wikipedia.org/wiki/Albert_Pinto_Ko_Gussa_Kyoon_Aata_Hai%3F_(2019_film)
2019,Badnaam Gali,https://en.wikipedia.org/wiki/Badnaam_Gali
2019,Chhoriyan Chhoron Se Kam Nahi Hoti,https://en.wikipedia.org/wiki/Chhoriyan_Chhoron_Se_Kam_Nahi_Hoti
2019,Shantanu Anant Tambe,https://en.wikipedia.org/wiki/Shantanu_Anant_Tambe
2019,Chopsticks,https://en.wikipedia.org/wiki/Chopsticks_(film)
2019,Jaoon Kahan Bata Ae Dil,https://en.wikipedia.org/wiki/Jaoon_Kahan_Bata_Ae_Dil
2019,Barot House,https://en.wikipedia.org/wiki/Barot_House
2019,Posham Pa,https://en.wikipedia.org/wiki/Posham_Pa
2019,Jhalki,https://en.wikipedia.org/wiki/Jhalki
2019,House Arrest,https://en.wikipedia.org/wiki/House_Arrest_(2019_film)
2019,Mardaani 2,https://en.wikipedia.org/wiki/Mardaani_2
2020,Half Widow,https://en.wikipedia.org/wiki/Half_Widow
2020,Operation Parindey,https://en.wikipedia.org/wiki/Operation_Parindey_(film)
2020,Dedipya Joshii,https://en.wikipedia.org/wiki/Dedipya_Joshii
2020,Hardik Mehta,https://en.wikipedia.org/wiki/Hardik_Mehta
2020,Mrs. Serial Killer,https://en.wikipedia.org/wiki/Mrs._Serial_Killer
2020,Court Martial,https://en.wikipedia.org/wiki/Court_Martial_(2020_film)
2020,What Are the Odds,https://en.wikipedia.org/wiki/What_Are_the_Odds
2020,Chintu Ka Birthday,https://en.wikipedia.org/wiki/Chintu_Ka_Birthday
2020,Kadakh,https://en.wikipedia.org/wiki/Kadakh
2020,Bulbbul,https://en.wikipedia.org/wiki/Bulbbul
2020,Bhonsle,https://en.wikipedia.org/wiki/Bhonsle_(film)
2020,Pareeksha,https://en.wikipedia.org/wiki/Pareeksha_(2019_film)
2020,Cargo,https://en.wikipedia.org/wiki/Cargo_(2019_film)
2020,Halahal,https://en.wikipedia.org/wiki/Halahal_(film)
2020,The Pickup Artist,https://en.wikipedia.org/wiki/The_Pickup_Artist_(2019_film)
2020,Kaali Khuhi,https://en.wikipedia.org/wiki/Kaali_Khuhi
2020,Pepper Chicken,https://en.wikipedia.org/wiki/Pepper_Chicken
2020,Anwar Ka Ajab Kissa,https://en.wikipedia.org/wiki/Anwar_Ka_Ajab_Kissa
2020,Eeb Allay Ooo!,https://en.wikipedia.org/wiki/Eeb_Allay_Ooo!
2020,Nitin Kumar Gupta,https://en.wikipedia.org/wiki/Nitin_Kumar_Gupta
2021,12 'O' Clock,https://en.wikipedia.org/wiki/12_%27O%27_Clock_(film)
2021,Tribhanga,https://en.wikipedia.org/wiki/Tribhanga_(film)
2021,Maassab,https://en.wikipedia.org/wiki/Maassab
2021,Lahore Confidential,https://en.wikipedia.org/wiki/Lahore_Confidential
2021,Tuesdays and Fridays,https://en.wikipedia.org/wiki/Tuesdays_and_Fridays
2021,Bombay Rose,https://en.wikipedia.org/wiki/Bombay_Rose
2021,Ahaan,https://en.wikipedia.org/wiki/Ahaan
2021,Switchh,https://en.wikipedia.org/wiki/Switchh_(2021_film)
2021,D Company,https://en.wikipedia.org/wiki/D_Company_(2021_film)
2021,Flight,https://en.wikipedia.org/wiki/Flight_(2021_film)
2021,Meel Patthar,https://en.wikipedia.org/wiki/Meel_Patthar
2021,Collar Bomb,https://en.wikipedia.org/wiki/Collar_Bomb_(2021_film)
2021,Dial 100,https://en.wikipedia.org/wiki/Dial_100_(2021_film)
2021,200 – Halla Ho,https://en.wikipedia.org/wiki/200_%E2%80%93_Halla_Ho
2021,Ankahi Kahaniya,https://en.wikipedia.org/wiki/Ankahi_Kahaniya
2021,Sardar Udham,https://en.wikipedia.org/wiki/Sardar_Udham
2021,Murder at Teesri Manzil 302,https://en.wikipedia.org/wiki/Murder_at_Teesri_Manzil_302
2022,Cobalt Blue,https://en.wikipedia.org/wiki/Cobalt_Blue_(film)
2022,Nitin Kumar Gupta,https://en.wikipedia.org/wiki/Nitin_Kumar_Gupta
2022,RK/RKay,https://en.wikipedia.org/wiki/RK/RKay
2022,Odd Couple,https://en.wikipedia.org/wiki/Odd_Couple_(2022_film)
2023,Shiv Shastri Balboa,https://en.wikipedia.org/wiki/Shiv_Shastri_Balboa
2023,Mrs. Undercover,https://en.wikipedia.org/wiki/Mrs_Undercover
2023,Gaslight,https://en.wikipedia.org/wiki/Gaslight_(2023_film)
2023,Mother Teresa & Me,https://en.wikipedia.org/wiki/Mother_Teresa_%26_Me
2023,Neeyat,https://en.wikipedia.org/wiki/Neeyat_(2023_film)
2023,Ishq-e-Nadaan,https://en.wikipedia.org/wiki/Ishq-e-Nadaan
2023,Panch Kriti,https://en.wikipedia.org/wiki/Panch_Kriti
2023,Dvand: The Internal Conflict,https://en.wikipedia.org/wiki/Dvand:_The_Internal_Conflict
2023,Khichdi 2: Mission Paanthukistan,https://en.wikipedia.org/wiki/Khichdi_2:_Mission_Paanthukistan
2023,Sab Moh Maaya Hai,https://en.wikipedia.org/wiki/Sab_Moh_Maaya_Hai
2023,Joram,https://en.wikipedia.org/wiki/Joram_(film)
2023,Dry Day,https://en.wikipedia.org/wiki/Dry_Day
2024,Tauba Tera Jalwa,https://en.wikipedia.org/wiki/Tauba_Tera_Jalwa
2024,Dashmi,https://en.wikipedia.org/wiki/Dashmi
2024,Silence 2: The Night Owl Bar Shootout,https://en.wikipedia.org/wiki/Silence_2:_The_Night_Owl_Bar_Shootout
2024,Love Sex Aur Dhokha 2,https://en.wikipedia.org/wiki/Love_Sex_Aur_Dhokha_2
2024,Kartam Bhugtam,https://en.wikipedia.org/wiki/Kartam_Bhugtam
2024,Malhar,https://en.wikipedia.org/wiki/Malhar_(film)
2024,Rautu Ka Raaz,https://en.wikipedia.org/wiki/Rautu_Ka_Raaz
2024,Bloody Ishq,https://en.wikipedia.org/wiki/Bloody_Ishq
2024,Visfot,https://en.wikipedia.org/wiki/Visfot
2024,Adbhut,https://en.wikipedia.org/wiki/Adbhut
2024,Aayushmati Geeta Matric Pass,https://en.wikipedia.org/wiki/Aayushmati_Geeta_Matric_Pass
2024,Vijay 69,https://en.wikipedia.org/wiki/Vijay_69
2024,Agni,https://en.wikipedia.org/wiki/Agni_(2024_film)
2024,Zero Se Restart,https://en.wikipedia.org/wiki/Zero_Se_Restart
2025,The Rabbit House,https://en.wikipedia.org/wiki/The_Rabbit_House
2025,Hisaab Barabar,https://en.wikipedia.org/wiki/Hisaab_Barabar
2025,The Storyteller,https://en.wikipedia.org/wiki/The_Storyteller_(2025_film)
2025,Bobby Aur Rishi Ki Love Story,https://en.wikipedia.org/wiki/Bobby_Aur_Rishi_Ki_Love_Story
2025,Baida,https://en.wikipedia.org/wiki/Baida_(film)
2025,Chhorii 2,https://en.wikipedia.org/wiki/Chhorii_2
2025,The Networker,https://en.wikipedia.org/wiki/The_Networker
2025,Stolen,https://en.wikipedia.org/wiki/Stolen_(2025_film)
2025,Heer Express,https://en.wikipedia.org/wiki/Heer_Express
2025,Homebound,https://en.wikipedia.org/wiki/Homebound_(2025_film)
2025,Lord Curzon Ki Haveli,https://en.wikipedia.org/wiki/Lord_Curzon_Ki_Haveli
2025,Bhagwat: Chapter One – Raakshas,https://en.wikipedia.org/wiki/Bhagwat:_Chapter_One_%E2%80%93_Raakshas
2025,The Taj Story,https://en.wikipedia.org/wiki/The_Taj_Story
2025,Raat Akeli Hai: The Bansal Murders,https://en.wikipedia.org/wiki/Raat_Akeli_Hai:_The_Bansal_Murders
2026,Azad Bharath,https://en.wikipedia.org/wiki/Azad_Bharath
2026,Rahu Ketu,https://en.wikipedia.org/wiki/Rahu_Ketu_(2026_film)
2026,Vadh 2,https://en.wikipedia.org/wiki/Vadh_2
2026,Shatak: Sangh Ke 100 Varsh,https://en.wikipedia.org/wiki/Shatak:_Sangh_Ke_100_Varsh
2026,Subedaar,https://en.wikipedia.org/wiki/Subedaar_(film)
2026,Charak: Fair of Faith,https://en.wikipedia.org/wiki/Charak:_Fair_of_Faith
2026,Dacoit: A Love Story,https://en.wikipedia.org/wiki/Dacoit:_A_Love_Story
2026,Toaster,https://en.wikipedia.org/wiki/Toaster_(film)
2026,Bandar,https://en.wikipedia.org/wiki/Bandar_(film)
2026,Batwara 1947,https://en.wikipedia.org/wiki/Batwara_1947
2026,Mirzapur,https://en.wikipedia.org/wiki/Mirzapur_(film)
2026,Bhavna Talwar,https://en.wikipedia.org/wiki/Bhavna_Talwar
